sample_id,prob_0,prob_1,prob_2,prob_3,prob_4,prob_5,prob_6,prob_7,prob_8,prob_9,prob_10,confidence
1,5.5101e-55,1.4691e-49,3.9168e-44,1.0443e-38,2.7842e-33,7.423e-28,1.9791e-22,5.2765e-17,1.4068e-11,3.7507e-06,1,1
2,1,3.7507e-06,1.4068e-11,5.2765e-17,1.9791e-22,7.423e-28,2.7842e-33,1.0443e-38,3.9168e-44,1.4691e-49,5.5101e-55,1
3,2.783e-33,7.4199e-28,1.9783e-22,5.2743e-17,1.4062e-11,3.7491e-06,0.99958,0.00042064,1.5777e-09,5.9176e-15,2.2195e-20,1
4,0.39221,0.60778,2.2796e-06,8.5503e-12,3.207e-17,1.2029e-22,4.5116e-28,1.6922e-33,6.3469e-39,2.3806e-44,8.9289e-50,0
5,2.7012e-35,7.2018e-30,1.9201e-24,5.1193e-19,1.3649e-13,3.6389e-08,0.0097019,0.99029,3.7143e-06,1.3931e-11,5.2253e-17,1
6,1.1694e-13,3.1178e-08,0.0083126,0.99168,3.7195e-06,1.3951e-11,5.2327e-17,1.9626e-22,7.3613e-28,2.761e-33,1.0356e-38,1
7,1.4068e-11,3.7506e-06,0.99998,2.1128e-05,7.9247e-11,2.9723e-16,1.1148e-21,4.1815e-27,1.5684e-32,5.8825e-38,2.2064e-43,1
8,2.4195e-49,6.4508e-44,1.7199e-38,4.5854e-33,1.2225e-27,3.2595e-22,8.6902e-17,2.3169e-11,6.1773e-06,0.99999,3.7507e-06,1
9,4.0499e-18,1.0798e-12,2.8788e-07,0.076753,0.92324,3.4628e-06,1.2988e-11,4.8715e-17,1.8272e-22,6.8533e-28,2.5705e-33,1
10,0.99911,0.00088547,3.3212e-09,1.2457e-14,4.6722e-20,1.7524e-25,6.5729e-31,2.4653e-36,9.2467e-42,3.4682e-47,1.3008e-52,1
11,7.4032e-28,1.9738e-22,5.2625e-17,1.403e-11,3.7407e-06,0.99733,0.0026659,9.9992e-09,3.7505e-14,1.4067e-19,5.2761e-25,1
12,1.4687e-49,3.9159e-44,1.044e-38,2.7835e-33,7.4213e-28,1.9786e-22,5.2753e-17,1.4065e-11,3.7499e-06,0.99977,0.00022991,1
13,1,3.7507e-06,1.4068e-11,5.2765e-17,1.9791e-22,7.423e-28,2.7842e-33,1.0443e-38,3.9168e-44,1.4691e-49,5.5101e-55,1
14,3.647e-06,0.97233,0.027662,1.0375e-07,3.8915e-13,1.4596e-18,5.4746e-24,2.0534e-29,7.7016e-35,2.8887e-40,1.0835e-45,1
15,1,3.7507e-06,1.4068e-11,5.2765e-17,1.9791e-22,7.423e-28,2.7842e-33,1.0443e-38,3.9168e-44,1.4691e-49,5.5101e-55,1
16,1,3.7507e-06,1.4068e-11,5.2765e-17,1.9791e-22,7.423e-28,2.7842e-33,1.0443e-38,3.9168e-44,1.4691e-49,5.5101e-55,1
17,5.5101e-55,1.4691e-49,3.9168e-44,1.0443e-38,2.7842e-33,7.423e-28,1.9791e-22,5.2765e-17,1.4068e-11,3.7507e-06,1,1
18,1.9779e-22,5.2732e-17,1.4059e-11,3.7484e-06,0.99938,0.0006202,2.3262e-09,8.725e-15,3.2725e-20,1.2274e-25,4.6038e-31,1
19,1.0442e-38,2.7839e-33,7.4224e-28,1.9789e-22,5.2761e-17,1.4067e-11,3.7504e-06,0.99991,8.4614e-05,3.1736e-10,1.1903e-15,1
20,1,3.7507e-06,1.4068e-11,5.2765e-17,1.9791e-22,7.423e-28,2.7842e-33,1.0443e-38,3.9168e-44,1.4691e-49,5.5101e-55,1
21,1.0414e-38,2.7766e-33,7.4029e-28,1.9737e-22,5.2622e-17,1.403e-11,3.7406e-06,0.99729,0.0027076,1.0155e-08,3.809e-14,1
22,9.6949e-50,2.5848e-44,6.8914e-39,1.8374e-33,4.8986e-28,1.306e-22,3.4821e-17,9.2838e-12,2.4752e-06,0.65992,0.34007,0
23,7.4074e-28,1.9749e-22,5.2654e-17,1.4038e-11,3.7428e-06,0.99789,0.0021082,7.9072e-09,2.9658e-14,1.1124e-19,4.1723e-25,1
24,6.7245e-18,1.7929e-12,4.78e-07,0.12744,0.87255,3.2727e-06,1.2275e-11,4.6041e-17,1.7269e-22,6.477e-28,2.4294e-33,1
25,3.509e-12,9.3556e-07,0.24943,0.75056,2.8152e-06,1.0559e-11,3.9604e-17,1.4854e-22,5.5715e-28,2.0897e-33,7.838e-39,1
26,4.4314e-10,0.00011815,0.99988,3.7503e-06,1.4066e-11,5.2759e-17,1.9788e-22,7.4221e-28,2.7838e-33,1.0441e-38,3.9163e-44,1
27,1,3.7507e-06,1.4068e-11,5.2765e-17,1.9791e-22,7.423e-28,2.7842e-33,1.0443e-38,3.9168e-44,1.4691e-49,5.5101e-55,1
28,3.7671e-12,1.0044e-06,0.26777,0.73222,2.7464e-06,1.0301e-11,3.8636e-17,1.4491e-22,5.4353e-28,2.0386e-33,7.6464e-39,1
29,1,3.7507e-06,1.4068e-11,5.2765e-17,1.9791e-22,7.423e-28,2.7842e-33,1.0443e-38,3.9168e-44,1.4691e-49,5.5101e-55,1
30,5.5101e-55,1.4691e-49,3.9168e-44,1.0443e-38,2.7842e-33,7.423e-28,1.9791e-22,5.2765e-17,1.4068e-11,3.7507e-06,1,1
31,2.7835e-33,7.4212e-28,1.9786e-22,5.2752e-17,1.4065e-11,3.7498e-06,0.99975,0.0002438,9.1443e-10,3.4298e-15,1.2864e-20,1
32,3.9167e-44,1.0442e-38,2.7841e-33,7.4228e-28,1.979e-22,5.2764e-17,1.4068e-11,3.7506e-06,0.99997,2.3363e-05,8.7629e-11,1
33,1.3825e-11,3.6859e-06,0.98272,0.017281,6.4817e-08,2.4311e-13,9.1185e-19,3.4201e-24,1.2828e-29,4.8114e-35,1.8046e-40,1
34,5.2765e-17,1.4068e-11,3.7507e-06,0.99999,7.8286e-06,2.9363e-11,1.1013e-16,4.1308e-22,1.5493e-27,5.8112e-33,2.1796e-38,1
35,0.00044497,0.99955,3.7491e-06,1.4062e-11,5.2742e-17,1.9782e-22,7.4197e-28,2.7829e-33,1.0438e-38,3.915e-44,1.4684e-49,1
36,1.924e-09,0.00051296,0.99948,3.7488e-06,1.4061e-11,5.2738e-17,1.9781e-22,7.4192e-28,2.7827e-33,1.0437e-38,3.9148e-44,1
37,1.2618e-33,3.3642e-28,8.9695e-23,2.3914e-17,6.3758e-12,1.6999e-06,0.45321,0.54678,2.0508e-06,7.6922e-12,2.8851e-17,0
38,1.9789e-22,5.276e-17,1.4067e-11,3.7503e-06,0.99989,0.0001014,3.8033e-10,1.4265e-15,5.3505e-21,2.0068e-26,7.5271e-32,1
39,0.00083192,0.99916,3.7476e-06,1.4056e-11,5.2721e-17,1.9774e-22,7.4168e-28,2.7819e-33,1.0434e-38,3.9135e-44,1.4679e-49,1
40,0.99999,8.5025e-06,3.1891e-11,1.1961e-16,4.4864e-22,1.6827e-27,6.3115e-33,2.3673e-38,8.879e-44,3.3303e-49,1.2491e-54,1
41,1,3.7507e-06,1.4068e-11,5.2765e-17,1.9791e-22,7.423e-28,2.7842e-33,1.0443e-38,3.9168e-44,1.4691e-49,5.5101e-55,1
42,2.9742e-19,7.9296e-14,2.1141e-08,0.0056366,0.99436,3.7296e-06,1.3989e-11,5.2468e-17,1.9679e-22,7.3812e-28,2.7685e-33,1
43,1.9524e-22,5.2055e-17,1.3879e-11,3.7002e-06,0.98653,0.013464,5.05e-08,1.8941e-13,7.1043e-19,2.6646e-24,9.9943e-30,1
44,5.5101e-55,1.4691e-49,3.9168e-44,1.0443e-38,2.7842e-33,7.423e-28,1.9791e-22,5.2765e-17,1.4068e-11,3.7507e-06,1,1
45,2.7428e-07,0.073126,0.92687,3.4764e-06,1.3039e-11,4.8907e-17,1.8344e-22,6.8802e-28,2.5806e-33,9.6791e-39,3.6304e-44,1
46,7.1167e-24,1.8974e-18,5.0588e-13,1.3487e-07,0.035959,0.96404,3.6158e-06,1.3562e-11,5.0868e-17,1.9079e-22,7.1561e-28,1
47,0.0065059,0.99349,3.7263e-06,1.3976e-11,5.2422e-17,1.9662e-22,7.3747e-28,2.7661e-33,1.0375e-38,3.8913e-44,1.4595e-49,1
48,3.7504e-06,0.99991,8.4942e-05,3.186e-10,1.195e-15,4.482e-21,1.6811e-26,6.3053e-32,2.3649e-37,8.8703e-43,3.327e-48,1
49,4.5264e-45,1.2068e-39,3.2175e-34,8.5784e-29,2.2871e-23,6.0978e-18,1.6258e-12,4.3345e-07,0.11556,0.88443,3.3173e-06,1
50,1,3.7507e-06,1.4068e-11,5.2765e-17,1.9791e-22,7.423e-28,2.7842e-33,1.0443e-38,3.9168e-44,1.4691e-49,5.5101e-55,1
51,5.2765e-17,1.4068e-11,3.7507e-06,0.99999,4.2793e-06,1.6051e-11,6.0201e-17,2.258e-22,8.4691e-28,3.1766e-33,1.1914e-38,1
52,1.9461e-22,5.1885e-17,1.3833e-11,3.6882e-06,0.98332,0.016679,6.2558e-08,2.3464e-13,8.8006e-19,3.3009e-24,1.2381e-29,1
53,1.4668e-49,3.9107e-44,1.0427e-38,2.7799e-33,7.4115e-28,1.976e-22,5.2684e-17,1.4046e-11,3.7449e-06,0.99845,0.0015481,1
54,5.5101e-55,1.4691e-49,3.9168e-44,1.0443e-38,2.7842e-33,7.423e-28,1.9791e-22,5.2765e-17,1.4068e-11,3.7507e-06,1,1
55,7.4193e-28,1.9781e-22,5.2739e-17,1.4061e-11,3.7489e-06,0.9995,0.00049691,1.8638e-09,6.9905e-15,2.622e-20,9.8342e-26,1
56,5.5101e-55,1.4691e-49,3.9168e-44,1.0443e-38,2.7842e-33,7.423e-28,1.9791e-22,5.2765e-17,1.4068e-11,3.7507e-06,1,1
57,1.7662e-09,0.00047091,0.99953,3.749e-06,1.4061e-11,5.274e-17,1.9782e-22,7.4195e-28,2.7829e-33,1.0438e-38,3.9149e-44,1
58,0.042807,0.95719,3.5902e-06,1.3466e-11,5.0506e-17,1.8944e-22,7.1053e-28,2.665e-33,9.9957e-39,3.7491e-44,1.4062e-49,1
59,4.0187e-09,0.0010715,0.99892,3.7467e-06,1.4053e-11,5.2709e-17,1.977e-22,7.4151e-28,2.7812e-33,1.0432e-38,3.9126e-44,1
60,5.5101e-55,1.4691e-49,3.9168e-44,1.0443e-38,2.7842e-33,7.423e-28,1.9791e-22,5.2765e-17,1.4068e-11,3.7507e-06,1,1
61,1.4067e-11,3.7503e-06,0.99989,0.00010398,3.8999e-10,1.4628e-15,5.4864e-21,2.0578e-26,7.7183e-32,2.8949e-37,1.0858e-42,1
62,2.1362e-18,5.6955e-13,1.5185e-07,0.040486,0.95951,3.5989e-06,1.3498e-11,5.0629e-17,1.899e-22,7.1225e-28,2.6715e-33,1
63,2.784e-33,7.4227e-28,1.979e-22,5.2763e-17,1.4067e-11,3.7505e-06,0.99995,4.6415e-05,1.7409e-10,6.5297e-16,2.4491e-21,1
64,1.5889e-22,4.2361e-17,1.1294e-11,3.0112e-06,0.80282,0.19718,7.3956e-07,2.7739e-12,1.0404e-17,3.9023e-23,1.4637e-28,1
65,2.8692e-24,7.6497e-19,2.0395e-13,5.4377e-08,0.014498,0.9855,3.6963e-06,1.3864e-11,5.2e-17,1.9504e-22,7.3154e-28,1
66,1,3.7507e-06,1.4068e-11,5.2765e-17,1.9791e-22,7.423e-28,2.7842e-33,1.0443e-38,3.9168e-44,1.4691e-49,5.5101e-55,1
67,5.5863e-41,1.4894e-35,3.9709e-30,1.0587e-24,2.8227e-19,7.5257e-14,2.0064e-08,0.0053495,0.99465,3.7307e-06,1.3993e-11,1
68,1,3.7507e-06,1.4068e-11,5.2765e-17,1.9791e-22,7.423e-28,2.7842e-33,1.0443e-38,3.9168e-44,1.4691e-49,5.5101e-55,1
69,6.5035e-13,1.7339e-07,0.046229,0.95377,3.5773e-06,1.3418e-11,5.0326e-17,1.8876e-22,7.0799e-28,2.6555e-33,9.96e-39,1
70,4.1962e-07,0.11188,0.88812,3.3311e-06,1.2494e-11,4.6862e-17,1.7577e-22,6.5926e-28,2.4727e-33,9.2744e-39,3.4786e-44,1
71,4.4372e-17,1.183e-11,3.1541e-06,0.84093,0.15907,5.9662e-07,2.2378e-12,8.3933e-18,3.1481e-23,1.1808e-28,4.4288e-34,1
72,3.7338e-06,0.99549,0.0045067,1.6904e-08,6.3401e-14,2.378e-19,8.9193e-25,3.3454e-30,1.2548e-35,4.7063e-41,1.7652e-46,1
73,1,3.7507e-06,1.4068e-11,5.2765e-17,1.9791e-22,7.423e-28,2.7842e-33,1.0443e-38,3.9168e-44,1.4691e-49,5.5101e-55,1
74,2.3414e-08,0.0062425,0.99375,3.7273e-06,1.398e-11,5.2436e-17,1.9667e-22,7.3767e-28,2.7668e-33,1.0378e-38,3.8923e-44,1
75,3.7426e-06,0.99783,0.0021692,8.1362e-09,3.0517e-14,1.1446e-19,4.2931e-25,1.6102e-30,6.0396e-36,2.2653e-41,8.4965e-47,1
76,1.4065e-11,3.75e-06,0.99982,0.00018054,6.7716e-10,2.5398e-15,9.5263e-21,3.5731e-26,1.3402e-31,5.0266e-37,1.8853e-42,1
77,0.99994,6.4173e-05,2.407e-10,9.0279e-16,3.3861e-21,1.27e-26,4.7636e-32,1.7867e-37,6.7014e-43,2.5135e-48,9.4276e-54,1
78,1,3.7507e-06,1.4068e-11,5.2765e-17,1.9791e-22,7.423e-28,2.7842e-33,1.0443e-38,3.9168e-44,1.4691e-49,5.5101e-55,1
79,3.113e-08,0.0082996,0.9917,3.7196e-06,1.3951e-11,5.2327e-17,1.9627e-22,7.3614e-28,2.7611e-33,1.0356e-38,3.8843e-44,1
80,0.00035836,0.99964,3.7494e-06,1.4063e-11,5.2746e-17,1.9784e-22,7.4204e-28,2.7832e-33,1.0439e-38,3.9154e-44,1.4686e-49,1
81,5.2494e-26,1.3996e-20,3.7314e-15,9.9485e-10,0.00026524,0.99973,3.7497e-06,1.4064e-11,5.2751e-17,1.9786e-22,7.421e-28,1
82,8.427e-11,2.2468e-05,0.99997,3.7506e-06,1.4068e-11,5.2764e-17,1.979e-22,7.4229e-28,2.7841e-33,1.0442e-38,3.9167e-44,1
83,3.4037e-50,9.0747e-45,2.4195e-39,6.4506e-34,1.7198e-28,4.5853e-23,1.2225e-17,3.2594e-12,8.69e-07,0.23169,0.76831,1
84,8.1579e-27,2.175e-21,5.7989e-16,1.5461e-10,4.122e-05,0.99996,3.7506e-06,1.4067e-11,5.2763e-17,1.979e-22,7.4227e-28,1
85,1.3528e-48,3.6069e-43,9.6164e-38,2.5639e-32,6.8356e-27,1.8225e-21,4.859e-16,1.2955e-10,3.4539e-05,0.99996,3.7506e-06,1
86,1.0721e-25,2.8584e-20,7.6209e-15,2.0319e-09,0.00054172,0.99945,3.7487e-06,1.406e-11,5.2737e-17,1.978e-22,7.419e-28,1
87,1,3.7507e-06,1.4068e-11,5.2765e-17,1.9791e-22,7.423e-28,2.7842e-33,1.0443e-38,3.9168e-44,1.4691e-49,5.5101e-55,1
88,3.7155e-15,9.906e-10,0.00026411,0.99973,3.7497e-06,1.4064e-11,5.2751e-17,1.9786e-22,7.4211e-28,2.7834e-33,1.044e-38,1
89,2.6248e-33,6.998e-28,1.8658e-22,4.9744e-17,1.3263e-11,3.536e-06,0.94274,0.057254,2.1474e-07,8.0545e-13,3.021e-18,1
90,7.4185e-28,1.9779e-22,5.2733e-17,1.4059e-11,3.7484e-06,0.99939,0.00060673,2.2757e-09,8.5355e-15,3.2014e-20,1.2008e-25,1
91,6.9337e-26,1.8486e-20,4.9287e-15,1.3141e-09,0.00035035,0.99965,3.7494e-06,1.4063e-11,5.2747e-17,1.9784e-22,7.4204e-28,1
92,9.0865e-33,2.4226e-27,6.459e-22,1.7221e-16,4.5912e-11,1.2241e-05,0.99998,3.7507e-06,1.4068e-11,5.2765e-17,1.9791e-22,1
93,0.048045,0.95195,3.5705e-06,1.3392e-11,5.023e-17,1.884e-22,7.0664e-28,2.6504e-33,9.941e-39,3.7286e-44,1.3985e-49,1
94,2.3371e-40,6.2311e-35,1.6613e-29,4.4292e-24,1.1809e-18,3.1484e-13,8.3942e-08,0.02238,0.97762,3.6668e-06,1.3753e-11,1
95,1.9791e-22,5.2765e-17,1.4068e-11,3.7507e-06,0.99999,6.756e-06,2.534e-11,9.5044e-17,3.5649e-22,1.3371e-27,5.015e-33,1
96,1.1806e-09,0.00031477,0.99968,3.7495e-06,1.4064e-11,5.2749e-17,1.9785e-22,7.4207e-28,2.7833e-33,1.0439e-38,3.9156e-44,1
97,1.2342e-11,3.2905e-06,0.8773,0.12269,4.6018e-07,1.726e-12,6.4739e-18,2.4282e-23,9.1075e-29,3.416e-34,1.2812e-39,1
98,0.00010839,0.99989,3.7503e-06,1.4066e-11,5.2759e-17,1.9789e-22,7.4222e-28,2.7839e-33,1.0442e-38,3.9164e-44,1.4689e-49,1
99,1.5907e-06,0.42409,0.5759,2.1601e-06,8.1018e-12,3.0388e-17,1.1398e-22,4.275e-28,1.6034e-33,6.014e-39,2.2557e-44,0
100,7.4217e-28,1.9787e-22,5.2756e-17,1.4066e-11,3.7501e-06,0.99982,0.00017266,6.4762e-10,2.4291e-15,9.1107e-21,3.4172e-26,1
101,3.7989e-15,1.0128e-09,0.00027004,0.99973,3.7497e-06,1.4064e-11,5.2751e-17,1.9785e-22,7.421e-28,2.7834e-33,1.044e-38,1
102,1.9456e-11,5.1872e-06,0.99999,3.7507e-06,1.4068e-11,5.2765e-17,1.9791e-22,7.423e-28,2.7842e-33,1.0443e-38,3.9168e-44,1
103,1,3.7507e-06,1.4068e-11,5.2765e-17,1.9791e-22,7.423e-28,2.7842e-33,1.0443e-38,3.9168e-44,1.4691e-49,5.5101e-55,1
104,1.4984e-36,3.9949e-31,1.0651e-25,2.8397e-20,7.5711e-15,2.0186e-09,0.00053818,0.99946,3.7487e-06,1.406e-11,5.2737e-17,1
105,0.31065,0.68935,2.5856e-06,9.6978e-12,3.6374e-17,1.3643e-22,5.1171e-28,1.9193e-33,7.1987e-39,2.7e-44,1.0127e-49,0
106,5.8086e-12,1.5487e-06,0.4129,0.5871,2.2021e-06,8.2593e-12,3.0979e-17,1.1619e-22,4.3581e-28,1.6346e-33,6.1309e-39,0
107,7.2675e-06,0.99999,3.7507e-06,1.4068e-11,5.2765e-17,1.9791e-22,7.423e-28,2.7842e-33,1.0443e-38,3.9168e-44,1.4691e-49,1
108,5.5101e-55,1.4691e-49,3.9168e-44,1.0443e-38,2.7842e-33,7.423e-28,1.9791e-22,5.2765e-17,1.4068e-11,3.7507e-06,1,1
109,2.3984e-33,6.3945e-28,1.7049e-22,4.5454e-17,1.2119e-11,3.231e-06,0.86144,0.13856,5.197e-07,1.9493e-12,7.3112e-18,1
110,5.5101e-55,1.4691e-49,3.9168e-44,1.0443e-38,2.7842e-33,7.423e-28,1.9791e-22,5.2765e-17,1.4068e-11,3.7507e-06,1,1
111,2.099e-27,5.5964e-22,1.4921e-16,3.9781e-11,1.0606e-05,0.99999,3.7507e-06,1.4068e-11,5.2765e-17,1.9791e-22,7.4229e-28,1
112,1.1823e-05,0.99998,3.7507e-06,1.4068e-11,5.2765e-17,1.9791e-22,7.4229e-28,2.7841e-33,1.0443e-38,3.9167e-44,1.4691e-49,1
113,0.0001008,0.9999,3.7503e-06,1.4067e-11,5.276e-17,1.9789e-22,7.4223e-28,2.7839e-33,1.0442e-38,3.9164e-44,1.4689e-49,1
114,4.0701e-23,1.0851e-17,2.8932e-12,7.7136e-07,0.20565,0.79434,2.9794e-06,1.1175e-11,4.1914e-17,1.5721e-22,5.8964e-28,1
115,0.61627,0.38373,1.4393e-06,5.3984e-12,2.0248e-17,7.5944e-23,2.8485e-28,1.0684e-33,4.0072e-39,1.503e-44,5.6374e-50,0
116,6.5325e-11,1.7417e-05,0.99998,3.7507e-06,1.4068e-11,5.2764e-17,1.979e-22,7.4229e-28,2.7841e-33,1.0443e-38,3.9167e-44,1
117,1.979e-22,5.2764e-17,1.4068e-11,3.7506e-06,0.99997,2.9583e-05,1.1096e-10,4.1617e-16,1.5609e-21,5.8547e-27,2.1959e-32,1
118,9.257e-06,0.99999,3.7507e-06,1.4068e-11,5.2765e-17,1.9791e-22,7.4229e-28,2.7842e-33,1.0443e-38,3.9167e-44,1.4691e-49,1
119,5.0354e-17,1.3425e-11,3.5793e-06,0.9543,0.0457,1.7141e-07,6.4291e-13,2.4114e-18,9.0445e-24,3.3923e-29,1.2724e-34,1
120,5.6916e-12,1.5175e-06,0.40458,0.59542,2.2333e-06,8.3763e-12,3.1417e-17,1.1784e-22,4.4198e-28,1.6578e-33,6.2178e-39,0
121,3.2785e-33,8.741e-28,2.3305e-22,6.2134e-17,1.6566e-11,4.4167e-06,0.99999,3.7507e-06,1.4068e-11,5.2765e-17,1.9791e-22,1
122,1.9757e-22,5.2674e-17,1.4044e-11,3.7442e-06,0.99826,0.0017339,6.5034e-09,2.4392e-14,9.149e-20,3.4315e-25,1.2871e-30,1
123,8.1445e-05,0.99991,3.7504e-06,1.4067e-11,5.2761e-17,1.9789e-22,7.4224e-28,2.784e-33,1.0442e-38,3.9165e-44,1.469e-49,1
124,1.4068e-11,3.7506e-06,0.99997,2.9976e-05,1.1243e-10,4.217e-16,1.5817e-21,5.9325e-27,2.2251e-32,8.3458e-38,3.1303e-43,1
125,3.3681e-09,0.00089799,0.9991,3.7474e-06,1.4055e-11,5.2718e-17,1.9773e-22,7.4164e-28,2.7817e-33,1.0433e-38,3.9133e-44,1
126,1.9234e-13,5.1281e-08,0.013672,0.98632,3.6994e-06,1.3876e-11,5.2044e-17,1.952e-22,7.3215e-28,2.7461e-33,1.03e-38,1
127,1.0516e-51,2.8038e-46,7.4753e-41,1.993e-35,5.3137e-30,1.4167e-24,3.7771e-19,1.007e-13,2.6849e-08,0.0071584,0.99284,1
128,1,3.7507e-06,1.4068e-11,5.2765e-17,1.9791e-22,7.423e-28,2.7842e-33,1.0443e-38,3.9168e-44,1.4691e-49,5.5101e-55,1
129,1.279e-10,3.41e-05,0.99996,3.7506e-06,1.4067e-11,5.2763e-17,1.979e-22,7.4228e-28,2.7841e-33,1.0442e-38,3.9167e-44,1
130,8.8178e-32,2.351e-26,6.268e-21,1.6711e-15,4.4555e-10,0.00011879,0.99988,3.7503e-06,1.4066e-11,5.2759e-17,1.9788e-22,1
131,1,3.7507e-06,1.4068e-11,5.2765e-17,1.9791e-22,7.423e-28,2.7842e-33,1.0443e-38,3.9168e-44,1.4691e-49,5.5101e-55,1
132,1,3.7507e-06,1.4068e-11,5.2765e-17,1.9791e-22,7.423e-28,2.7842e-33,1.0443e-38,3.9168e-44,1.4691e-49,5.5101e-55,1
133,3.7498e-06,0.99976,0.00023416,8.7828e-10,3.2942e-15,1.2356e-20,4.6343e-26,1.7382e-31,6.5195e-37,2.4453e-42,9.1717e-48,1
134,9.3287e-31,2.4872e-25,6.6311e-20,1.768e-14,4.7136e-09,0.0012567,0.99874,3.746e-06,1.405e-11,5.2699e-17,1.9766e-22,1
135,1.6402e-06,0.43731,0.56269,2.1105e-06,7.9159e-12,2.9691e-17,1.1136e-22,4.1769e-28,1.5666e-33,5.876e-39,2.2039e-44,0
136,5.5101e-55,1.4691e-49,3.9168e-44,1.0443e-38,2.7842e-33,7.423e-28,1.9791e-22,5.2765e-17,1.4068e-11,3.7507e-06,1,1
137,1,3.7507e-06,1.4068e-11,5.2765e-17,1.9791e-22,7.423e-28,2.7842e-33,1.0443e-38,3.9168e-44,1.4691e-49,5.5101e-55,1
138,1.3425e-39,3.5793e-34,9.5428e-29,2.5443e-23,6.7834e-18,1.8085e-12,4.8218e-07,0.12856,0.87144,3.2685e-06,1.2259e-11,1
139,3.0198e-32,8.0512e-27,2.1466e-21,5.723e-16,1.5258e-10,4.0681e-05,0.99996,3.7506e-06,1.4067e-11,5.2763e-17,1.979e-22,1
140,7.3393e-28,1.9568e-22,5.217e-17,1.3909e-11,3.7084e-06,0.98871,0.011282,4.2317e-08,1.5872e-13,5.9532e-19,2.2329e-24,1
141,5.5101e-55,1.4691e-49,3.9168e-44,1.0443e-38,2.7842e-33,7.423e-28,1.9791e-22,5.2765e-17,1.4068e-11,3.7507e-06,1,1
142,5.5101e-55,1.4691e-49,3.9168e-44,1.0443e-38,2.7842e-33,7.423e-28,1.9791e-22,5.2765e-17,1.4068e-11,3.7507e-06,1,1
143,1,3.7507e-06,1.4068e-11,5.2765e-17,1.9791e-22,7.423e-28,2.7842e-33,1.0443e-38,3.9168e-44,1.4691e-49,5.5101e-55,1
144,4.7073e-52,1.255e-46,3.3461e-41,8.9212e-36,2.3785e-30,6.3415e-25,1.6907e-19,4.5077e-14,1.2018e-08,0.0032043,0.9968,1
145,0.11787,0.88212,3.3086e-06,1.241e-11,4.6546e-17,1.7458e-22,6.548e-28,2.456e-33,9.2118e-39,3.4551e-44,1.2959e-49,1
146,1.2283e-09,0.00032748,0.99967,3.7495e-06,1.4063e-11,5.2748e-17,1.9784e-22,7.4206e-28,2.7833e-33,1.0439e-38,3.9155e-44,1
147,1,3.7507e-06,1.4068e-11,5.2765e-17,1.9791e-22,7.423e-28,2.7842e-33,1.0443e-38,3.9168e-44,1.4691e-49,5.5101e-55,1
148,1,3.7507e-06,1.4068e-11,5.2765e-17,1.9791e-22,7.423e-28,2.7842e-33,1.0443e-38,3.9168e-44,1.4691e-49,5.5101e-55,1
149,3.9168e-44,1.0443e-38,2.7842e-33,7.423e-28,1.9791e-22,5.2765e-17,1.4068e-11,3.7507e-06,0.99999,7.4714e-06,2.8023e-11,1
150,1.9788e-22,5.2758e-17,1.4066e-11,3.7502e-06,0.99985,0.00014592,5.4731e-10,2.0528e-15,7.6995e-21,2.8879e-26,1.0832e-31,1
151,5.2765e-17,1.4068e-11,3.7507e-06,0.99999,1.0446e-05,3.9182e-11,1.4696e-16,5.5121e-22,2.0674e-27,7.7544e-33,2.9085e-38,1
152,1.5331e-49,4.0874e-44,1.0898e-38,2.9055e-33,7.7464e-28,2.0653e-22,5.5064e-17,1.4681e-11,3.9141e-06,0.99999,3.7507e-06,1
153,5.5101e-55,1.4691e-49,3.9168e-44,1.0443e-38,2.7842e-33,7.423e-28,1.9791e-22,5.2765e-17,1.4068e-11,3.7507e-06,1,1
154,1.3848e-12,3.6919e-07,0.098433,0.90156,3.3815e-06,1.2683e-11,4.7571e-17,1.7843e-22,6.6923e-28,2.5101e-33,9.4148e-39,1
155,0.0012739,0.99872,3.7459e-06,1.405e-11,5.2698e-17,1.9766e-22,7.4136e-28,2.7806e-33,1.0429e-38,3.9118e-44,1.4672e-49,1
156,3.9189e-10,0.00010448,0.99989,3.7503e-06,1.4066e-11,5.276e-17,1.9789e-22,7.4222e-28,2.7839e-33,1.0442e-38,3.9164e-44,1
157,9.6724e-12,2.5788e-06,0.68755,0.31245,1.1719e-06,4.3955e-12,1.6486e-17,6.1836e-23,2.3193e-28,8.6991e-34,3.2628e-39,0
158,1,3.7507e-06,1.4068e-11,5.2765e-17,1.9791e-22,7.423e-28,2.7842e-33,1.0443e-38,3.9168e-44,1.4691e-49,5.5101e-55,1
159,2.1441e-42,5.7164e-37,1.5241e-31,4.0634e-26,1.0834e-20,2.8884e-15,7.7009e-10,0.00020532,0.99979,3.75e-06,1.4065e-11,1
160,1.9758e-22,5.2678e-17,1.4045e-11,3.7445e-06,0.99833,0.0016617,6.2327e-09,2.3377e-14,8.7682e-20,3.2887e-25,1.2335e-30,1
161,2.9491e-28,7.8626e-23,2.0963e-17,5.589e-12,1.4901e-06,0.39729,0.60271,2.2606e-06,8.4789e-12,3.1802e-17,1.1928e-22,0
162,1.4065e-11,3.75e-06,0.99981,0.00018669,7.0021e-10,2.6263e-15,9.8506e-21,3.6947e-26,1.3858e-31,5.1977e-37,1.9495e-42,1
163,5.5101e-55,1.4691e-49,3.9168e-44,1.0443e-38,2.7842e-33,7.423e-28,1.9791e-22,5.2765e-17,1.4068e-11,3.7507e-06,1,1
164,3.7506e-06,0.99997,2.3903e-05,8.9655e-11,3.3627e-16,1.2613e-21,4.7307e-27,1.7744e-32,6.6552e-38,2.4962e-43,9.3625e-49,1
165,3.4285e-51,9.141e-46,2.4371e-40,6.4977e-35,1.7324e-29,4.6188e-24,1.2314e-18,3.2832e-13,8.7534e-08,0.023338,0.97666,1
166,7.423e-28,1.9791e-22,5.2765e-17,1.4068e-11,3.7507e-06,0.99999,6.1018e-06,2.2886e-11,8.5841e-17,3.2197e-22,1.2076e-27,1
167,0.99978,0.00022425,8.4112e-10,3.1548e-15,1.1833e-20,4.4382e-26,1.6647e-31,6.2437e-37,2.3418e-42,8.7836e-48,3.2945e-53,1
168,3.2192e-16,8.5828e-11,2.2883e-05,0.99997,3.7506e-06,1.4068e-11,5.2764e-17,1.979e-22,7.4228e-28,2.7841e-33,1.0442e-38,1
169,3.164e-44,8.4358e-39,2.2491e-33,5.9964e-28,1.5987e-22,4.2625e-17,1.1364e-11,3.0299e-06,0.80781,0.19218,7.2083e-07,1
170,5.2765e-17,1.4068e-11,3.7507e-06,0.99999,3.9249e-06,1.4721e-11,5.5216e-17,2.071e-22,7.7678e-28,2.9135e-33,1.0928e-38,1
171,6.17e-20,1.645e-14,4.3858e-09,0.0011693,0.99883,3.7463e-06,1.4052e-11,5.2704e-17,1.9768e-22,7.4143e-28,2.7809e-33,1
172,0.99984,0.00015615,5.8569e-10,2.1968e-15,8.2395e-21,3.0904e-26,1.1591e-31,4.3476e-37,1.6307e-42,6.1162e-48,2.294e-53,1
173,3.7472e-06,0.99906,0.00093631,3.5119e-09,1.3172e-14,4.9405e-20,1.853e-25,6.9503e-31,2.6069e-36,9.7777e-42,3.6673e-47,1
174,5.2765e-17,1.4068e-11,3.7507e-06,0.99999,8.2197e-06,3.083e-11,1.1564e-16,4.3372e-22,1.6268e-27,6.1015e-33,2.2885e-38,1
175,1.4051e-11,3.7461e-06,0.99877,0.0012213,4.5807e-09,1.7181e-14,6.4442e-20,2.417e-25,9.0657e-31,3.4003e-36,1.2754e-41,1
176,3.7506e-06,0.99997,2.9334e-05,1.1002e-10,4.1267e-16,1.5478e-21,5.8054e-27,2.1774e-32,8.167e-38,3.0632e-43,1.1489e-48,1
177,1,3.7507e-06,1.4068e-11,5.2765e-17,1.9791e-22,7.423e-28,2.7842e-33,1.0443e-38,3.9168e-44,1.4691e-49,5.5101e-55,1
178,5.5101e-55,1.4691e-49,3.9168e-44,1.0443e-38,2.7842e-33,7.423e-28,1.9791e-22,5.2765e-17,1.4068e-11,3.7507e-06,1,1
179,0.0072847,0.99271,3.7234e-06,1.3965e-11,5.2381e-17,1.9647e-22,7.3689e-28,2.7639e-33,1.0367e-38,3.8883e-44,1.4584e-49,1
180,3.9167e-44,1.0442e-38,2.7841e-33,7.4228e-28,1.979e-22,5.2764e-17,1.4068e-11,3.7506e-06,0.99997,3.0801e-05,1.1553e-10,1
181,1.4067e-11,3.7505e-06,0.99994,5.8528e-05,2.1952e-10,8.2337e-16,3.0882e-21,1.1583e-26,4.3446e-32,1.6295e-37,6.1119e-43,1
182,1.973e-22,5.2603e-17,1.4025e-11,3.7392e-06,0.99693,0.00307,1.1515e-08,4.3188e-14,1.6199e-19,6.0758e-25,2.2789e-30,1
183,1.935e-22,5.159e-17,1.3755e-11,3.6672e-06,0.97773,0.022264,8.3506e-08,3.1321e-13,1.1748e-18,4.4062e-24,1.6527e-29,1
184,2.7811e-33,7.4148e-28,1.9769e-22,5.2706e-17,1.4052e-11,3.7465e-06,0.99888,0.0011128,4.1737e-09,1.5655e-14,5.8716e-20,1
185,0.9992,0.00080192,3.0078e-09,1.1281e-14,4.2314e-20,1.5871e-25,5.9527e-31,2.2327e-36,8.3742e-42,3.141e-47,1.1781e-52,1
186,7.7279e-39,2.0604e-33,5.4932e-28,1.4646e-22,3.9048e-17,1.0411e-11,2.7756e-06,0.74002,0.25997,9.7509e-07,3.6573e-12,1
187,1.6879e-26,4.5003e-21,1.1998e-15,3.1989e-10,8.5288e-05,0.99991,3.7504e-06,1.4067e-11,5.2761e-17,1.9789e-22,7.4224e-28,1
188,2.2881e-16,6.1004e-11,1.6265e-05,0.99998,3.7507e-06,1.4068e-11,5.2764e-17,1.9791e-22,7.4229e-28,2.7841e-33,1.0443e-38,1
189,5.5101e-55,1.4691e-49,3.9168e-44,1.0443e-38,2.7842e-33,7.423e-28,1.9791e-22,5.2765e-17,1.4068e-11,3.7507e-06,1,1
190,8.4452e-33,2.2516e-27,6.0031e-22,1.6005e-16,4.2672e-11,1.1377e-05,0.99998,3.7507e-06,1.4068e-11,5.2765e-17,1.9791e-22,1
191,5.5101e-55,1.4691e-49,3.9168e-44,1.0443e-38,2.7842e-33,7.423e-28,1.9791e-22,5.2765e-17,1.4068e-11,3.7507e-06,1,1
192,2.7842e-33,7.423e-28,1.9791e-22,5.2765e-17,1.4068e-11,3.7507e-06,0.99999,3.8383e-06,1.4397e-11,5.3998e-17,2.0253e-22,1
193,2.9464e-17,7.8556e-12,2.0944e-06,0.5584,0.4416,1.6563e-06,6.2124e-12,2.3301e-17,8.7396e-23,3.278e-28,1.2295e-33,0
194,1.3931e-11,3.7141e-06,0.99024,0.0097577,3.6599e-08,1.3727e-13,5.1487e-19,1.9311e-24,7.2432e-30,2.7167e-35,1.019e-40,1
195,0.49246,0.50753,1.9036e-06,7.14e-12,2.678e-17,1.0045e-22,3.7674e-28,1.4131e-33,5.3e-39,1.9879e-44,7.4561e-50,0
196,1.2808e-11,3.4147e-06,0.9104,0.089598,3.3606e-07,1.2605e-12,4.7277e-18,1.7732e-23,6.6509e-29,2.4946e-34,9.3565e-40,1
197,3.7479e-06,0.99925,0.00074334,2.7881e-09,1.0457e-14,3.9223e-20,1.4711e-25,5.5179e-31,2.0696e-36,7.7625e-42,2.9115e-47,1
198,2.8173e-42,7.5113e-37,2.0026e-31,5.3393e-26,1.4235e-20,3.7953e-15,1.0119e-09,0.00026978,0.99973,3.7497e-06,1.4064e-11,1
199,1,3.7507e-06,1.4068e-11,5.2765e-17,1.9791e-22,7.423e-28,2.7842e-33,1.0443e-38,3.9168e-44,1.4691e-49,5.5101e-55,1
200,5.5101e-55,1.4691e-49,3.9168e-44,1.0443e-38,2.7842e-33,7.423e-28,1.9791e-22,5.2765e-17,1.4068e-11,3.7507e-06,1,1
201,5.2763e-17,1.4067e-11,3.7506e-06,0.99996,3.3574e-05,1.2593e-10,4.7231e-16,1.7715e-21,6.6445e-27,2.4922e-32,9.3475e-38,1
202,1,3.7507e-06,1.4068e-11,5.2765e-17,1.9791e-22,7.423e-28,2.7842e-33,1.0443e-38,3.9168e-44,1.4691e-49,5.5101e-55,1
203,0.04497,0.95503,3.5821e-06,1.3435e-11,5.0392e-17,1.8901e-22,7.0892e-28,2.659e-33,9.9731e-39,3.7406e-44,1.403e-49,1
204,3.7098e-06,0.98909,0.010911,4.0923e-08,1.5349e-13,5.757e-19,2.1593e-24,8.099e-30,3.0377e-35,1.1394e-40,4.2735e-46,1
205,1.0022e-15,2.672e-10,7.1239e-05,0.99993,3.7505e-06,1.4067e-11,5.2761e-17,1.9789e-22,7.4225e-28,2.784e-33,1.0442e-38,1
206,0.002816,0.99718,3.7402e-06,1.4028e-11,5.2617e-17,1.9735e-22,7.4021e-28,2.7763e-33,1.0413e-38,3.9058e-44,1.4649e-49,1
207,3.0165e-14,8.0425e-09,0.0021442,0.99785,3.7427e-06,1.4038e-11,5.2652e-17,1.9748e-22,7.4071e-28,2.7782e-33,1.042e-38,1
208,1,3.7507e-06,1.4068e-11,5.2765e-17,1.9791e-22,7.423e-28,2.7842e-33,1.0443e-38,3.9168e-44,1.4691e-49,5.5101e-55,1
209,4.9053e-11,1.3078e-05,0.99998,3.7507e-06,1.4068e-11,5.2765e-17,1.9791e-22,7.4229e-28,2.7841e-33,1.0443e-38,3.9167e-44,1
210,1.1013e-44,2.9362e-39,7.8283e-34,2.0871e-28,5.5646e-23,1.4836e-17,3.9555e-12,1.0546e-06,0.28117,0.71883,2.6961e-06,1
211,2.0206e-15,5.3871e-10,0.00014363,0.99985,3.7502e-06,1.4066e-11,5.2758e-17,1.9788e-22,7.422e-28,2.7838e-33,1.0441e-38,1
212,1,3.7507e-06,1.4068e-11,5.2765e-17,1.9791e-22,7.423e-28,2.7842e-33,1.0443e-38,3.9168e-44,1.4691e-49,5.5101e-55,1
213,3.7463e-06,0.99881,0.0011827,4.436e-09,1.6638e-14,6.2406e-20,2.3407e-25,8.7793e-31,3.2929e-36,1.2351e-41,4.6324e-47,1
214,1.0352e-38,2.7601e-33,7.3588e-28,1.962e-22,5.2309e-17,1.3946e-11,3.7183e-06,0.99135,0.0086458,3.2428e-08,1.2163e-13,1
215,6.9111e-40,1.8426e-34,4.9127e-29,1.3098e-23,3.4921e-18,9.3104e-13,2.4823e-07,0.066181,0.93382,3.5025e-06,1.3137e-11,1
216,1,3.7507e-06,1.4068e-11,5.2765e-17,1.9791e-22,7.423e-28,2.7842e-33,1.0443e-38,3.9168e-44,1.4691e-49,5.5101e-55,1
217,8.4409e-12,2.2505e-06,0.60001,0.39999,1.5002e-06,5.627e-12,2.1105e-17,7.9161e-23,2.9691e-28,1.1136e-33,4.177e-39,0
218,6.5555e-13,1.7478e-07,0.046598,0.9534,3.5759e-06,1.3412e-11,5.0306e-17,1.8869e-22,7.0771e-28,2.6544e-33,9.9561e-39,1
219,2.7957e-44,7.4536e-39,1.9872e-33,5.2983e-28,1.4126e-22,3.7662e-17,1.0041e-11,2.6771e-06,0.71376,0.28623,1.0736e-06,1
220,0.25039,0.74961,2.8116e-06,1.0546e-11,3.9554e-17,1.4835e-22,5.5644e-28,2.0871e-33,7.828e-39,2.9361e-44,1.1012e-49,1
221,4.8413e-33,1.2908e-27,3.4414e-22,9.1752e-17,2.4462e-11,6.5221e-06,0.99999,3.7507e-06,1.4068e-11,5.2765e-17,1.9791e-22,1
222,3.7385e-06,0.99674,0.0032564,1.2214e-08,4.5812e-14,1.7183e-19,6.4448e-25,2.4173e-30,9.0666e-36,3.4006e-41,1.2755e-46,1
223,3.8983e-33,1.0393e-27,2.771e-22,7.388e-17,1.9697e-11,5.2516e-06,0.99999,3.7507e-06,1.4068e-11,5.2765e-17,1.9791e-22,1
224,3.4045e-06,0.90769,0.092303,3.462e-07,1.2985e-12,4.8704e-18,1.8268e-23,6.8517e-29,2.5699e-34,9.639e-40,3.6153e-45,1
225,1,3.7507e-06,1.4068e-11,5.2765e-17,1.9791e-22,7.423e-28,2.7842e-33,1.0443e-38,3.9168e-44,1.4691e-49,5.5101e-55,1
226,2.7376e-33,7.2988e-28,1.946e-22,5.1882e-17,1.3832e-11,3.6879e-06,0.98326,0.01674,6.2787e-08,2.355e-13,8.8329e-19,1
227,5.2759e-17,1.4066e-11,3.7503e-06,0.99987,0.00012481,4.6814e-10,1.7559e-15,6.5857e-21,2.4701e-26,9.2648e-32,3.475e-37,1
228,5.2749e-17,1.4064e-11,3.7496e-06,0.99969,0.00030943,1.1606e-09,4.3531e-15,1.6327e-20,6.124e-26,2.2969e-31,8.6152e-37,1
229,5.2763e-17,1.4067e-11,3.7506e-06,0.99996,3.8959e-05,1.4612e-10,5.4807e-16,2.0557e-21,7.7103e-27,2.8919e-32,1.0847e-37,1
230,1,3.7507e-06,1.4068e-11,5.2765e-17,1.9791e-22,7.423e-28,2.7842e-33,1.0443e-38,3.9168e-44,1.4691e-49,5.5101e-55,1
231,3.7506e-06,0.99996,3.8596e-05,1.4476e-10,5.4297e-16,2.0365e-21,7.6385e-27,2.865e-32,1.0746e-37,4.0305e-43,1.5117e-48,1
232,9.7852e-12,2.6089e-06,0.69556,0.30443,1.1418e-06,4.2828e-12,1.6063e-17,6.025e-23,2.2598e-28,8.476e-34,3.1791e-39,0
233,4.5604e-12,1.2159e-06,0.32417,0.67583,2.5348e-06,9.5075e-12,3.566e-17,1.3375e-22,5.0167e-28,1.8816e-33,7.0575e-39,0
234,1.391e-11,3.7086e-06,0.98876,0.011236,4.2144e-08,1.5807e-13,5.9288e-19,2.2237e-24,8.3406e-30,3.1284e-35,1.1734e-40,1
235,5.359e-06,0.99999,3.7507e-06,1.4068e-11,5.2765e-17,1.9791e-22,7.423e-28,2.7842e-33,1.0443e-38,3.9168e-44,1.4691e-49,1
236,9.5427e-50,2.5442e-44,6.7833e-39,1.8085e-33,4.8218e-28,1.2856e-22,3.4275e-17,9.1381e-12,2.4364e-06,0.64957,0.35043,0
237,2.1251e-32,5.6658e-27,1.5106e-21,4.0274e-16,1.0738e-10,2.8628e-05,0.99997,3.7506e-06,1.4068e-11,5.2764e-17,1.979e-22,1
238,5.3966e-41,1.4388e-35,3.8361e-30,1.0228e-24,2.7268e-19,7.2701e-14,1.9383e-08,0.0051678,0.99483,3.7313e-06,1.3995e-11,1
239,8.3425e-10,0.00022242,0.99977,3.7499e-06,1.4065e-11,5.2753e-17,1.9786e-22,7.4214e-28,2.7836e-33,1.044e-38,3.9159e-44,1
240,1.4068e-11,3.7506e-06,0.99997,2.5674e-05,9.6296e-11,3.6118e-16,1.3547e-21,5.0811e-27,1.9058e-32,7.1481e-38,2.6811e-43,1
241,0.9969,0.0031045,1.1644e-08,4.3674e-14,1.6381e-19,6.1441e-25,2.3045e-30,8.6435e-36,3.242e-41,1.216e-46,4.5608e-52,1
242,3.7743e-52,1.0063e-46,2.6829e-41,7.1529e-36,1.9071e-30,5.0845e-25,1.3556e-19,3.6142e-14,9.6361e-09,0.0025691,0.99743,1
243,1.2338e-18,3.2896e-13,8.7706e-08,0.023384,0.97661,3.663e-06,1.3739e-11,5.1531e-17,1.9328e-22,7.2494e-28,2.7191e-33,1
244,1.8786e-09,0.00050087,0.9995,3.7488e-06,1.4061e-11,5.2739e-17,1.9781e-22,7.4193e-28,2.7828e-33,1.0437e-38,3.9148e-44,1
245,1.2492e-05,0.99998,3.7507e-06,1.4068e-11,5.2765e-17,1.9791e-22,7.4229e-28,2.7841e-33,1.0443e-38,3.9167e-44,1.4691e-49,1
246,7.4226e-28,1.979e-22,5.2763e-17,1.4067e-11,3.7505e-06,0.99995,4.9953e-05,1.8736e-10,7.0274e-16,2.6358e-21,9.8862e-27,1
247,2.6307e-09,0.00070137,0.99929,3.7481e-06,1.4058e-11,5.2728e-17,1.9777e-22,7.4178e-28,2.7822e-33,1.0435e-38,3.914e-44,1
248,7.4219e-28,1.9788e-22,5.2757e-17,1.4066e-11,3.7502e-06,0.99984,0.00015166,5.6882e-10,2.1335e-15,8.0022e-21,3.0014e-26,1
249,1,3.7507e-06,1.4068e-11,5.2765e-17,1.9791e-22,7.423e-28,2.7842e-33,1.0443e-38,3.9168e-44,1.4691e-49,5.5101e-55,1
250,2.8192e-28,7.5165e-23,2.004e-17,5.343e-12,1.4245e-06,0.37979,0.6202,2.3262e-06,8.725e-12,3.2725e-17,1.2274e-22,0
251,1.9791e-22,5.2765e-17,1.4068e-11,3.7507e-06,0.99999,5.5798e-06,2.0928e-11,7.8497e-17,2.9442e-22,1.1043e-27,4.1419e-33,1
252,3.7115e-06,0.98953,0.010469,3.9265e-08,1.4727e-13,5.5238e-19,2.0718e-24,7.771e-30,2.9147e-35,1.0932e-40,4.1004e-46,1
253,5.5101e-55,1.4691e-49,3.9168e-44,1.0443e-38,2.7842e-33,7.423e-28,1.9791e-22,5.2765e-17,1.4068e-11,3.7507e-06,1,1
254,6.1113e-46,1.6294e-40,4.3441e-35,1.1582e-29,3.0879e-24,8.2329e-19,2.195e-13,5.8522e-08,0.015603,0.98439,3.6922e-06,1
255,1,3.7507e-06,1.4068e-11,5.2765e-17,1.9791e-22,7.423e-28,2.7842e-33,1.0443e-38,3.9168e-44,1.4691e-49,5.5101e-55,1
256,8.7132e-09,0.0023231,0.99767,3.742e-06,1.4035e-11,5.2643e-17,1.9745e-22,7.4058e-28,2.7777e-33,1.0418e-38,3.9077e-44,1
257,0.83149,0.16851,6.3203e-07,2.3706e-12,8.8914e-18,3.3349e-23,1.2508e-28,4.6916e-34,1.7597e-39,6.6001e-45,2.4755e-50,1
258,3.7507e-06,0.99998,1.1897e-05,4.4622e-11,1.6736e-16,6.2774e-22,2.3545e-27,8.8311e-33,3.3123e-38,1.2424e-43,4.6597e-49,1
259,1.4786e-09,0.00039422,0.9996,3.7492e-06,1.4062e-11,5.2744e-17,1.9783e-22,7.4201e-28,2.7831e-33,1.0439e-38,3.9152e-44,1
260,1,3.7507e-06,1.4068e-11,5.2765e-17,1.9791e-22,7.423e-28,2.7842e-33,1.0443e-38,3.9168e-44,1.4691e-49,5.5101e-55,1
261,3.9167e-44,1.0442e-38,2.7841e-33,7.4229e-28,1.979e-22,5.2764e-17,1.4068e-11,3.7506e-06,0.99997,2.2272e-05,8.3536e-11,1
262,1,3.7507e-06,1.4068e-11,5.2765e-17,1.9791e-22,7.423e-28,2.7842e-33,1.0443e-38,3.9168e-44,1.4691e-49,5.5101e-55,1
263,1.2817e-42,3.4172e-37,9.1109e-32,2.4291e-26,6.4763e-21,1.7267e-15,4.6036e-10,0.00012274,0.99987,3.7503e-06,1.4066e-11,1
264,1.4689e-49,3.9163e-44,1.0442e-38,2.7839e-33,7.4222e-28,1.9789e-22,5.2759e-17,1.4066e-11,3.7503e-06,0.99988,0.0001142,1
265,1,3.7507e-06,1.4068e-11,5.2765e-17,1.9791e-22,7.423e-28,2.7842e-33,1.0443e-38,3.9168e-44,1.4691e-49,5.5101e-55,1
266,1.2408e-19,3.3081e-14,8.8199e-09,0.0023515,0.99764,3.7419e-06,1.4035e-11,5.2641e-17,1.9744e-22,7.4056e-28,2.7776e-33,1
267,1,3.7507e-06,1.4068e-11,5.2765e-17,1.9791e-22,7.423e-28,2.7842e-33,1.0443e-38,3.9168e-44,1.4691e-49,5.5101e-55,1
268,5.5101e-55,1.4691e-49,3.9168e-44,1.0443e-38,2.7842e-33,7.423e-28,1.9791e-22,5.2765e-17,1.4068e-11,3.7507e-06,1,1
269,6.4526e-32,1.7204e-26,4.5867e-21,1.2229e-15,3.2604e-10,8.6926e-05,0.99991,3.7504e-06,1.4067e-11,5.2761e-17,1.9789e-22,1
270,0.27094,0.72906,2.7345e-06,1.0256e-11,3.8469e-17,1.4429e-22,5.4118e-28,2.0298e-33,7.6134e-39,2.8556e-44,1.071e-49,1
271,1.1961e-11,3.1889e-06,0.8502,0.14979,5.6184e-07,2.1073e-12,7.9039e-18,2.9646e-23,1.1119e-28,4.1705e-34,1.5643e-39,1
272,4.515e-32,1.2038e-26,3.2094e-21,8.5567e-16,2.2813e-10,6.0824e-05,0.99994,3.7505e-06,1.4067e-11,5.2762e-17,1.979e-22,1
273,5.9633e-12,1.5899e-06,0.42389,0.57611,2.1608e-06,8.1047e-12,3.0398e-17,1.1402e-22,4.2765e-28,1.604e-33,6.0161e-39,0
274,1.4313e-49,3.8161e-44,1.0174e-38,2.7126e-33,7.2322e-28,1.9282e-22,5.1409e-17,1.3706e-11,3.6543e-06,0.97429,0.025706,1
275,7.8124e-44,2.0829e-38,5.5533e-33,1.4806e-27,3.9475e-22,1.0524e-16,2.806e-11,7.4811e-06,0.99999,3.7507e-06,1.4068e-11,1
276,9.2726e-39,2.4722e-33,6.5912e-28,1.7573e-22,4.6853e-17,1.2492e-11,3.3304e-06,0.88794,0.11205,4.2028e-07,1.5764e-12,1
277,2.4194e-08,0.0064504,0.99355,3.7265e-06,1.3977e-11,5.2425e-17,1.9663e-22,7.3751e-28,2.7662e-33,1.0375e-38,3.8915e-44,1
278,8.2985e-14,2.2125e-08,0.0058988,0.9941,3.7286e-06,1.3985e-11,5.2454e-17,1.9674e-22,7.3792e-28,2.7678e-33,1.0381e-38,1
279,3.7466e-06,0.99889,0.0011061,4.1486e-09,1.556e-14,5.8363e-20,2.189e-25,8.2105e-31,3.0796e-36,1.1551e-41,4.3323e-47,1
280,5.5101e-55,1.4691e-49,3.9168e-44,1.0443e-38,2.7842e-33,7.423e-28,1.9791e-22,5.2765e-17,1.4068e-11,3.7507e-06,1,1
281,3.6775e-06,0.98049,0.019511,7.3181e-08,2.7448e-13,1.0295e-18,3.8614e-24,1.4483e-29,5.4323e-35,2.0375e-40,7.6421e-46,1
282,1.4068e-11,3.7507e-06,0.99999,5.0587e-06,1.8974e-11,7.1166e-17,2.6692e-22,1.0012e-27,3.7551e-33,1.4084e-38,5.2827e-44,1
283,1.0799e-17,2.8791e-12,7.6761e-07,0.20466,0.79534,2.9831e-06,1.1189e-11,4.1966e-17,1.5741e-22,5.9038e-28,2.2144e-33,1
284,6.0928e-18,1.6244e-12,4.331e-07,0.11547,0.88453,3.3176e-06,1.2444e-11,4.6672e-17,1.7506e-22,6.5659e-28,2.4627e-33,1
285,3.9151e-44,1.0438e-38,2.783e-33,7.4198e-28,1.9782e-22,5.2742e-17,1.4062e-11,3.7491e-06,0.99956,0.00043531,1.6327e-09,1
286,3.9158e-44,1.044e-38,2.7835e-33,7.4212e-28,1.9786e-22,5.2752e-17,1.4064e-11,3.7498e-06,0.99975,0.00024831,9.3136e-10,1
287,7.4215e-28,1.9787e-22,5.2755e-17,1.4065e-11,3.75e-06,0.9998,0.00019797,7.4254e-10,2.7851e-15,1.0446e-20,3.9181e-26,1
288,2.6449e-06,0.70518,0.29482,1.1058e-06,4.1475e-12,1.5556e-17,5.8347e-23,2.1884e-28,8.2082e-34,3.0787e-39,1.1547e-44,0
289,2.3904e-47,6.3731e-42,1.6992e-36,4.5302e-31,1.2078e-25,3.2202e-20,8.5856e-15,2.289e-09,0.00061029,0.99939,3.7484e-06,1
290,5.3134e-21,1.4166e-15,3.777e-10,0.0001007,0.9999,3.7503e-06,1.4067e-11,5.276e-17,1.9789e-22,7.4223e-28,2.7839e-33,1
291,2.4224e-17,6.4584e-12,1.7219e-06,0.45908,0.54091,2.0288e-06,7.6096e-12,2.8541e-17,1.0705e-22,4.0152e-28,1.506e-33,0
292,1.9559e-22,5.2147e-17,1.3903e-11,3.7068e-06,0.98828,0.01172,4.396e-08,1.6488e-13,6.1843e-19,2.3196e-24,8.7001e-30,1
293,1,3.7507e-06,1.4068e-11,5.2765e-17,1.9791e-22,7.423e-28,2.7842e-33,1.0443e-38,3.9168e-44,1.4691e-49,5.5101e-55,1
294,4.8007e-08,0.012799,0.9872,3.7027e-06,1.3888e-11,5.209e-17,1.9538e-22,7.328e-28,2.7485e-33,1.0309e-38,3.8667e-44,1
295,1.0442e-38,2.7841e-33,7.4227e-28,1.979e-22,5.2763e-17,1.4067e-11,3.7506e-06,0.99996,4.0147e-05,1.5058e-10,5.6479e-16,1
296,5.5101e-55,1.4691e-49,3.9168e-44,1.0443e-38,2.7842e-33,7.423e-28,1.9791e-22,5.2765e-17,1.4068e-11,3.7507e-06,1,1
297,1.1656e-22,3.1078e-17,8.2858e-12,2.2091e-06,0.58898,0.41102,1.5416e-06,5.7822e-12,2.1687e-17,8.1344e-23,3.051e-28,0
298,3.295e-44,8.785e-39,2.3422e-33,6.2447e-28,1.6649e-22,4.4389e-17,1.1835e-11,3.1553e-06,0.84125,0.15874,5.9541e-07,1
299,1.0423e-38,2.779e-33,7.4092e-28,1.9754e-22,5.2667e-17,1.4042e-11,3.7437e-06,0.99813,0.001867,7.0027e-09,2.6265e-14,1
300,2.6825e-05,0.99997,3.7506e-06,1.4068e-11,5.2764e-17,1.979e-22,7.4228e-28,2.7841e-33,1.0442e-38,3.9167e-44,1.469e-49,1
301,2.7805e-33,7.4131e-28,1.9764e-22,5.2695e-17,1.4049e-11,3.7457e-06,0.99866,0.0013339,5.0031e-09,1.8765e-14,7.0384e-20,1
302,1,3.7507e-06,1.4068e-11,5.2765e-17,1.9791e-22,7.423e-28,2.7842e-33,1.0443e-38,3.9168e-44,1.4691e-49,5.5101e-55,1
303,1,3.7507e-06,1.4068e-11,5.2765e-17,1.9791e-22,7.423e-28,2.7842e-33,1.0443e-38,3.9168e-44,1.4691e-49,5.5101e-55,1
304,5.2759e-17,1.4066e-11,3.7503e-06,0.99988,0.00011931,4.4752e-10,1.6785e-15,6.2957e-21,2.3613e-26,8.8567e-32,3.3219e-37,1
305,5.2764e-17,1.4068e-11,3.7506e-06,0.99997,2.2564e-05,8.4631e-11,3.1743e-16,1.1906e-21,4.4656e-27,1.6749e-32,6.2822e-38,1
306,2.3607e-51,6.2941e-46,1.6781e-40,4.474e-35,1.1928e-29,3.1803e-24,8.4791e-19,2.2607e-13,6.0272e-08,0.016069,0.98393,1
307,1,3.7507e-06,1.4068e-11,5.2765e-17,1.9791e-22,7.423e-28,2.7842e-33,1.0443e-38,3.9168e-44,1.4691e-49,5.5101e-55,1
308,1.4689e-49,3.9163e-44,1.0441e-38,2.7838e-33,7.4221e-28,1.9788e-22,5.2759e-17,1.4066e-11,3.7503e-06,0.99987,0.0001244,1
309,1,3.7507e-06,1.4068e-11,5.2765e-17,1.9791e-22,7.423e-28,2.7842e-33,1.0443e-38,3.9168e-44,1.4691e-49,5.5101e-55,1
310,1.9371e-22,5.1646e-17,1.377e-11,3.6711e-06,0.97878,0.021215,7.9572e-08,2.9845e-13,1.1194e-18,4.1986e-24,1.5748e-29,1
311,1.979e-22,5.2763e-17,1.4067e-11,3.7506e-06,0.99995,4.4968e-05,1.6866e-10,6.3261e-16,2.3727e-21,8.8995e-27,3.338e-32,1
312,3.7578e-16,1.0019e-10,2.6712e-05,0.99997,3.7506e-06,1.4068e-11,5.2764e-17,1.979e-22,7.4228e-28,2.7841e-33,1.0442e-38,1
313,5.964e-14,1.5901e-08,0.0042394,0.99576,3.7348e-06,1.4008e-11,5.2542e-17,1.9707e-22,7.3915e-28,2.7724e-33,1.0398e-38,1
314,1.4066e-11,3.7503e-06,0.99989,0.00010625,3.9853e-10,1.4948e-15,5.6065e-21,2.1029e-26,7.8873e-32,2.9583e-37,1.1096e-42,1
315,1.4068e-11,3.7507e-06,0.99999,4.9405e-06,1.853e-11,6.9503e-17,2.6069e-22,9.7777e-28,3.6674e-33,1.3755e-38,5.1592e-44,1
316,5.5101e-55,1.4691e-49,3.9168e-44,1.0443e-38,2.7842e-33,7.423e-28,1.9791e-22,5.2765e-17,1.4068e-11,3.7507e-06,1,1
317,1.3037e-12,3.4759e-07,0.092672,0.90732,3.4031e-06,1.2764e-11,4.7875e-17,1.7957e-22,6.7351e-28,2.5262e-33,9.475e-39,1
318,1.9713e-22,5.2559e-17,1.4013e-11,3.736e-06,0.99608,0.0039168,1.4691e-08,5.5102e-14,2.0667e-19,7.7517e-25,2.9075e-30,1
319,3.7353e-06,0.99589,0.0041109,1.5419e-08,5.7833e-14,2.1692e-19,8.1359e-25,3.0516e-30,1.1446e-35,4.293e-41,1.6102e-46,1
320,1.5826e-10,4.2195e-05,0.99995,3.7506e-06,1.4067e-11,5.2763e-17,1.979e-22,7.4227e-28,2.7841e-33,1.0442e-38,3.9166e-44,1
321,1,3.7507e-06,1.4068e-11,5.2765e-17,1.9791e-22,7.423e-28,2.7842e-33,1.0443e-38,3.9168e-44,1.4691e-49,5.5101e-55,1
322,1.1501e-41,3.0664e-36,8.1755e-31,2.1797e-25,5.8114e-20,1.5494e-14,4.131e-09,0.0011014,0.99889,3.7466e-06,1.4052e-11,1
323,3.7499e-06,0.99977,0.00022208,8.3297e-10,3.1243e-15,1.1718e-20,4.3952e-26,1.6485e-31,6.1832e-37,2.3192e-42,8.6985e-48,1
324,9.6439e-54,2.5712e-48,6.8552e-43,1.8277e-37,4.8729e-32,1.2992e-26,3.4638e-21,9.235e-16,2.4622e-10,6.5645e-05,0.99993,1
325,2.7835e-33,7.4212e-28,1.9786e-22,5.2752e-17,1.4065e-11,3.7498e-06,0.99975,0.00024297,9.1132e-10,3.4181e-15,1.282e-20,1
326,3.7493e-06,0.99963,0.000371,1.3915e-09,5.2192e-15,1.9576e-20,7.3424e-26,2.7539e-31,1.0329e-36,3.8742e-42,1.4531e-47,1
327,0.0014999,0.9985,3.7451e-06,1.4047e-11,5.2686e-17,1.9761e-22,7.4119e-28,2.78e-33,1.0427e-38,3.9109e-44,1.4669e-49,1
328,0.99204,0.0079563,2.9842e-08,1.1193e-13,4.1982e-19,1.5746e-24,5.906e-30,2.2152e-35,8.3086e-41,3.1163e-46,1.1688e-51,1
329,1.5616e-34,4.1634e-29,1.11e-23,2.9595e-18,7.8903e-13,2.1037e-07,0.056087,0.94391,3.5404e-06,1.3279e-11,4.9806e-17,1
330,7.8158e-19,2.0838e-13,5.5557e-08,0.014812,0.98518,3.6952e-06,1.386e-11,5.1984e-17,1.9498e-22,7.3131e-28,2.7429e-33,1
331,3.8459e-44,1.0254e-38,2.7338e-33,7.2888e-28,1.9433e-22,5.1811e-17,1.3814e-11,3.6829e-06,0.98191,0.018086,6.7836e-08,1
332,1,3.7507e-06,1.4068e-11,5.2765e-17,1.9791e-22,7.423e-28,2.7842e-33,1.0443e-38,3.9168e-44,1.4691e-49,5.5101e-55,1
333,1,3.7507e-06,1.4068e-11,5.2765e-17,1.9791e-22,7.423e-28,2.7842e-33,1.0443e-38,3.9168e-44,1.4691e-49,5.5101e-55,1
334,1,3.7507e-06,1.4068e-11,5.2765e-17,1.9791e-22,7.423e-28,2.7842e-33,1.0443e-38,3.9168e-44,1.4691e-49,5.5101e-55,1
335,7.265e-28,1.937e-22,5.1642e-17,1.3769e-11,3.6709e-06,0.97871,0.021284,7.9832e-08,2.9943e-13,1.1231e-18,4.2124e-24,1
336,5.5101e-55,1.4691e-49,3.9168e-44,1.0443e-38,2.7842e-33,7.423e-28,1.9791e-22,5.2765e-17,1.4068e-11,3.7507e-06,1,1
337,7.4227e-28,1.979e-22,5.2763e-17,1.4067e-11,3.7506e-06,0.99995,4.4269e-05,1.6604e-10,6.2278e-16,2.3359e-21,8.7613e-27,1
338,7.3887e-28,1.9699e-22,5.2521e-17,1.4003e-11,3.7334e-06,0.99537,0.0046278,1.7358e-08,6.5104e-14,2.4419e-19,9.1588e-25,1
339,1,3.7507e-06,1.4068e-11,5.2765e-17,1.9791e-22,7.423e-28,2.7842e-33,1.0443e-38,3.9168e-44,1.4691e-49,5.5101e-55,1
340,2.6393e-12,7.0368e-07,0.18761,0.81239,3.047e-06,1.1429e-11,4.2866e-17,1.6078e-22,6.0304e-28,2.2618e-33,8.4835e-39,1
341,7.9808e-14,2.1278e-08,0.005673,0.99432,3.7294e-06,1.3988e-11,5.2466e-17,1.9679e-22,7.3809e-28,2.7684e-33,1.0383e-38,1
342,4.4427e-15,1.1845e-09,0.0003158,0.99968,3.7495e-06,1.4064e-11,5.2749e-17,1.9785e-22,7.4207e-28,2.7833e-33,1.0439e-38,1
343,7.423e-28,1.9791e-22,5.2765e-17,1.4068e-11,3.7507e-06,0.99999,6.1354e-06,2.3012e-11,8.6313e-17,3.2374e-22,1.2143e-27,1
344,3.1119e-34,8.2967e-29,2.212e-23,5.8975e-18,1.5724e-12,4.1922e-07,0.11177,0.88823,3.3315e-06,1.2496e-11,4.6868e-17,1
345,5.2764e-17,1.4068e-11,3.7507e-06,0.99998,1.8665e-05,7.0008e-11,2.6258e-16,9.8488e-22,3.694e-27,1.3855e-32,5.1968e-38,1
346,5.2022e-15,1.387e-09,0.00036979,0.99963,3.7493e-06,1.4063e-11,5.2746e-17,1.9784e-22,7.4203e-28,2.7831e-33,1.0439e-38,1
347,4.6232e-10,0.00012326,0.99987,3.7503e-06,1.4066e-11,5.2759e-17,1.9788e-22,7.4221e-28,2.7838e-33,1.0441e-38,3.9163e-44,1
348,5.5101e-55,1.4691e-49,3.9168e-44,1.0443e-38,2.7842e-33,7.423e-28,1.9791e-22,5.2765e-17,1.4068e-11,3.7507e-06,1,1
349,1.9774e-22,5.2721e-17,1.4056e-11,3.7476e-06,0.99916,0.00083778,3.1423e-09,1.1786e-14,4.4206e-20,1.658e-25,6.2189e-31,1
350,3.7481e-06,0.99929,0.00070564,2.6467e-09,9.927e-15,3.7234e-20,1.3965e-25,5.238e-31,1.9646e-36,7.3689e-42,2.7639e-47,1
351,5.5101e-55,1.4691e-49,3.9168e-44,1.0443e-38,2.7842e-33,7.423e-28,1.9791e-22,5.2765e-17,1.4068e-11,3.7507e-06,1,1
352,0.0018025,0.99819,3.744e-06,1.4043e-11,5.267e-17,1.9755e-22,7.4096e-28,2.7792e-33,1.0424e-38,3.9097e-44,1.4664e-49,1
353,3.7499e-06,0.99978,0.00021511,8.0682e-10,3.0262e-15,1.135e-20,4.2572e-26,1.5968e-31,5.9891e-37,2.2463e-42,8.4254e-48,1
354,1.4068e-11,3.7507e-06,0.99999,7.2347e-06,2.7136e-11,1.0178e-16,3.8174e-22,1.4318e-27,5.3704e-33,2.0143e-38,7.5551e-44,1
355,0.99948,0.00051752,1.9411e-09,7.2805e-15,2.7307e-20,1.0242e-25,3.8416e-31,1.4409e-36,5.4043e-42,2.027e-47,7.6028e-53,1
356,1.4609e-22,3.895e-17,1.0385e-11,2.7687e-06,0.73818,0.26182,9.82e-07,3.6832e-12,1.3815e-17,5.1816e-23,1.9435e-28,1
357,1.405e-11,3.746e-06,0.99873,0.001271,4.7673e-09,1.7881e-14,6.7067e-20,2.5155e-25,9.435e-31,3.5388e-36,1.3273e-41,1
358,1.0436e-38,2.7824e-33,7.4182e-28,1.9778e-22,5.2731e-17,1.4059e-11,3.7483e-06,0.99935,0.00064295,2.4115e-09,9.045e-15,1
359,7.2963e-28,1.9453e-22,5.1864e-17,1.3828e-11,3.6867e-06,0.98292,0.017072,6.4034e-08,2.4017e-13,9.0083e-19,3.3788e-24,1
360,1.599e-22,4.2632e-17,1.1366e-11,3.0304e-06,0.80796,0.19204,7.2028e-07,2.7016e-12,1.0133e-17,3.8006e-23,1.4255e-28,1
361,2.0966e-17,5.5899e-12,1.4903e-06,0.39735,0.60265,2.2604e-06,8.4781e-12,3.1799e-17,1.1927e-22,4.4735e-28,1.6779e-33,0
362,1.4032e-11,3.741e-06,0.99741,0.0025911,9.7186e-09,3.6452e-14,1.3672e-19,5.1281e-25,1.9234e-30,7.2142e-36,2.7058e-41,1
363,0.0059319,0.99406,3.7285e-06,1.3985e-11,5.2452e-17,1.9673e-22,7.379e-28,2.7677e-33,1.0381e-38,3.8936e-44,1.4604e-49,1
364,1.4066e-11,3.7503e-06,0.99989,0.0001096,4.1106e-10,1.5418e-15,5.7828e-21,2.169e-26,8.1353e-32,3.0513e-37,1.1445e-42,1
365,3.3285e-24,8.8742e-19,2.366e-13,6.3081e-08,0.016818,0.98318,3.6876e-06,1.3831e-11,5.1878e-17,1.9458e-22,7.2982e-28,1
366,1,3.7507e-06,1.4068e-11,5.2765e-17,1.9791e-22,7.423e-28,2.7842e-33,1.0443e-38,3.9168e-44,1.4691e-49,5.5101e-55,1
367,1.4067e-11,3.7505e-06,0.99993,6.8331e-05,2.5629e-10,9.6129e-16,3.6055e-21,1.3523e-26,5.0723e-32,1.9025e-37,7.1357e-43,1
368,2.2555e-35,6.0135e-30,1.6033e-24,4.2746e-19,1.1397e-13,3.0385e-08,0.0081011,0.9919,3.7203e-06,1.3954e-11,5.2338e-17,1
369,6.5495e-28,1.7462e-22,4.6556e-17,1.2413e-11,3.3094e-06,0.88233,0.11767,4.4135e-07,1.6554e-12,6.2089e-18,2.3288e-23,1
370,2.4807e-28,6.614e-23,1.7634e-17,4.7015e-12,1.2535e-06,0.3342,0.6658,2.4972e-06,9.3665e-12,3.5131e-17,1.3177e-22,0
371,1.7819e-22,4.7509e-17,1.2667e-11,3.3771e-06,0.90038,0.099611,3.7362e-07,1.4013e-12,5.256e-18,1.9714e-23,7.3942e-29,1
372,6.4854e-21,1.7291e-15,4.61e-10,0.00012291,0.99987,3.7503e-06,1.4066e-11,5.2759e-17,1.9788e-22,7.4221e-28,2.7838e-33,1
373,1.1686e-08,0.0031156,0.99688,3.739e-06,1.4024e-11,5.2601e-17,1.9729e-22,7.3999e-28,2.7755e-33,1.041e-38,3.9046e-44,1
374,0.99969,0.00031283,1.1733e-09,4.4009e-15,1.6507e-20,6.1912e-26,2.3221e-31,8.7097e-37,3.2668e-42,1.2253e-47,4.5957e-53,1
375,7.3691e-13,1.9647e-07,0.052382,0.94761,3.5543e-06,1.3331e-11,5.0001e-17,1.8754e-22,7.0342e-28,2.6383e-33,9.8957e-39,1
376,4.4064e-53,1.1748e-47,3.1322e-42,8.351e-37,2.2265e-31,5.9362e-26,1.5827e-20,4.2196e-15,1.125e-09,0.00029994,0.9997,1
377,1.3997e-11,3.7319e-06,0.99498,0.0050167,1.8816e-08,7.0575e-14,2.6471e-19,9.9285e-25,3.7239e-30,1.3967e-35,5.2388e-41,1
378,3.2513e-06,0.86685,0.13314,4.9939e-07,1.8731e-12,7.0254e-18,2.635e-23,9.8833e-29,3.707e-34,1.3904e-39,5.215e-45,1
379,5.343e-08,0.014245,0.98575,3.6973e-06,1.3868e-11,5.2014e-17,1.9509e-22,7.3173e-28,2.7445e-33,1.0294e-38,3.861e-44,1
380,1.4067e-11,3.7505e-06,0.99995,4.5969e-05,1.7242e-10,6.4669e-16,2.4256e-21,9.0976e-27,3.4123e-32,1.2799e-37,4.8004e-43,1
381,1.9262e-22,5.1356e-17,1.3692e-11,3.6506e-06,0.97329,0.026702,1.0015e-07,3.7564e-13,1.4089e-18,5.2846e-24,1.9821e-29,1
382,3.409e-06,0.9089,0.091098,3.4168e-07,1.2816e-12,4.8068e-18,1.8029e-23,6.7622e-29,2.5363e-34,9.5131e-40,3.5681e-45,1
383,0.0034171,0.99658,3.7379e-06,1.402e-11,5.2585e-17,1.9723e-22,7.3977e-28,2.7747e-33,1.0407e-38,3.9034e-44,1.4641e-49,1
384,1.4938e-12,3.9826e-07,0.10618,0.89381,3.3525e-06,1.2574e-11,4.7162e-17,1.7689e-22,6.6348e-28,2.4885e-33,9.3339e-39,1
385,3.5746e-06,0.95303,0.046967,1.7616e-07,6.6074e-13,2.4783e-18,9.2953e-24,3.4864e-29,1.3077e-34,4.9047e-40,1.8396e-45,1
386,2.7842e-33,7.423e-28,1.9791e-22,5.2765e-17,1.4068e-11,3.7507e-06,0.99999,7.009e-06,2.6289e-11,9.8603e-17,3.6983e-22,1
387,0.99997,2.6313e-05,9.8694e-11,3.7018e-16,1.3884e-21,5.2077e-27,1.9533e-32,7.3261e-38,2.7478e-43,1.0306e-48,3.8657e-54,1
388,1,3.7507e-06,1.4068e-11,5.2765e-17,1.9791e-22,7.423e-28,2.7842e-33,1.0443e-38,3.9168e-44,1.4691e-49,5.5101e-55,1
389,4.0573e-06,0.99999,3.7507e-06,1.4068e-11,5.2765e-17,1.9791e-22,7.423e-28,2.7842e-33,1.0443e-38,3.9168e-44,1.4691e-49,1
390,2.0427e-17,5.4462e-12,1.452e-06,0.38714,0.61286,2.2987e-06,8.6217e-12,3.2338e-17,1.2129e-22,4.5493e-28,1.7063e-33,0
391,0.99506,0.0049438,1.8543e-08,6.9549e-14,2.6086e-19,9.7842e-25,3.6698e-30,1.3764e-35,5.1627e-41,1.9364e-46,7.2628e-52,1
392,1,3.7507e-06,1.4068e-11,5.2765e-17,1.9791e-22,7.423e-28,2.7842e-33,1.0443e-38,3.9168e-44,1.4691e-49,5.5101e-55,1
393,1.5826e-11,4.2195e-06,0.99999,3.7507e-06,1.4068e-11,5.2765e-17,1.9791e-22,7.423e-28,2.7842e-33,1.0443e-38,3.9168e-44,1
394,0.99732,0.0026834,1.0065e-08,3.775e-14,1.4159e-19,5.3106e-25,1.9919e-30,7.471e-36,2.8022e-41,1.051e-46,3.9421e-52,1
395,7.1071e-12,1.8948e-06,0.50519,0.4948,1.8559e-06,6.9609e-12,2.6108e-17,9.7926e-23,3.6729e-28,1.3776e-33,5.1671e-39,0
396,3.7484e-06,0.99938,0.00061574,2.3095e-09,8.6623e-15,3.249e-20,1.2186e-25,4.5707e-31,1.7143e-36,6.4301e-42,2.4117e-47,1
397,3.1038e-17,8.2751e-12,2.2063e-06,0.58822,0.41178,1.5445e-06,5.7929e-12,2.1728e-17,8.1494e-23,3.0566e-28,1.1465e-33,0
398,1,3.7507e-06,1.4068e-11,5.2765e-17,1.9791e-22,7.423e-28,2.7842e-33,1.0443e-38,3.9168e-44,1.4691e-49,5.5101e-55,1
399,5.5101e-55,1.4691e-49,3.9168e-44,1.0443e-38,2.7842e-33,7.423e-28,1.9791e-22,5.2765e-17,1.4068e-11,3.7507e-06,1,1
400,3.7503e-06,0.99987,0.00012257,4.5973e-10,1.7243e-15,6.4675e-21,2.4258e-26,9.0985e-32,3.4126e-37,1.28e-42,4.8009e-48,1
401,1,3.7507e-06,1.4068e-11,5.2765e-17,1.9791e-22,7.423e-28,2.7842e-33,1.0443e-38,3.9168e-44,1.4691e-49,5.5101e-55,1
402,1,3.7507e-06,1.4068e-11,5.2765e-17,1.9791e-22,7.423e-28,2.7842e-33,1.0443e-38,3.9168e-44,1.4691e-49,5.5101e-55,1
403,2.0015e-46,5.3364e-41,1.4228e-35,3.7933e-30,1.0113e-24,2.6964e-19,7.1889e-14,1.9167e-08,0.0051101,0.99489,3.7316e-06,1
404,0.99979,0.00021129,7.9248e-10,2.9724e-15,1.1149e-20,4.1815e-26,1.5684e-31,5.8826e-37,2.2064e-42,8.2757e-48,3.104e-53,1
405,6.2353e-18,1.6624e-12,4.4322e-07,0.11817,0.88183,3.3075e-06,1.2406e-11,4.653e-17,1.7452e-22,6.5458e-28,2.4552e-33,1
406,1.7888e-44,4.7691e-39,1.2715e-33,3.39e-28,9.0383e-23,2.4097e-17,6.4247e-12,1.7129e-06,0.45669,0.54331,2.0378e-06,0
407,3.7507e-06,0.99998,1.4758e-05,5.5354e-11,2.0762e-16,7.7872e-22,2.9208e-27,1.0955e-32,4.1089e-38,1.5412e-43,5.7804e-49,1
408,0.022846,0.97715,3.665e-06,1.3747e-11,5.156e-17,1.9339e-22,7.2534e-28,2.7206e-33,1.0204e-38,3.8273e-44,1.4355e-49,1
409,1.4068e-11,3.7507e-06,0.99999,4.2179e-06,1.582e-11,5.9337e-17,2.2256e-22,8.3475e-28,3.1309e-33,1.1743e-38,4.4046e-44,1
410,1.1314e-36,3.0164e-31,8.0421e-26,2.1442e-20,5.7166e-15,1.5241e-09,0.00040636,0.99959,3.7492e-06,1.4062e-11,5.2744e-17,1
411,5.6228e-13,1.4991e-07,0.039969,0.96003,3.6008e-06,1.3506e-11,5.0656e-17,1.9e-22,7.1263e-28,2.6729e-33,1.0025e-38,1
412,3.7507e-06,0.99999,7.0073e-06,2.6282e-11,9.8578e-17,3.6974e-22,1.3868e-27,5.2015e-33,1.951e-38,7.3175e-44,2.7446e-49,1
413,0.00018466,0.99981,3.75e-06,1.4065e-11,5.2755e-17,1.9787e-22,7.4216e-28,2.7837e-33,1.0441e-38,3.9161e-44,1.4688e-49,1
414,4.8718e-30,1.2989e-24,3.463e-19,9.2329e-14,2.4616e-08,0.0065631,0.99343,3.7261e-06,1.3976e-11,5.2419e-17,1.9661e-22,1
415,6.8651e-12,1.8303e-06,0.488,0.512,1.9204e-06,7.2028e-12,2.7016e-17,1.0133e-22,3.8006e-28,1.4255e-33,5.3467e-39,0
416,1.9624e-08,0.0052321,0.99476,3.7311e-06,1.3994e-11,5.2489e-17,1.9687e-22,7.3842e-28,2.7696e-33,1.0388e-38,3.8963e-44,1
417,3.8521e-15,1.027e-09,0.00027382,0.99972,3.7497e-06,1.4064e-11,5.2751e-17,1.9785e-22,7.421e-28,2.7834e-33,1.044e-38,1
418,5.5101e-55,1.4691e-49,3.9168e-44,1.0443e-38,2.7842e-33,7.423e-28,1.9791e-22,5.2765e-17,1.4068e-11,3.7507e-06,1,1
419,1.5628e-50,4.1668e-45,1.1109e-39,2.9619e-34,7.8968e-29,2.1054e-23,5.6133e-18,1.4966e-12,3.9901e-07,0.10638,0.89362,1
420,1,3.7507e-06,1.4068e-11,5.2765e-17,1.9791e-22,7.423e-28,2.7842e-33,1.0443e-38,3.9168e-44,1.4691e-49,5.5101e-55,1
421,0.017926,0.98207,3.6835e-06,1.3816e-11,5.1819e-17,1.9436e-22,7.29e-28,2.7343e-33,1.0256e-38,3.8466e-44,1.4427e-49,1
422,1.3323e-30,3.5522e-25,9.4707e-20,2.525e-14,6.7321e-09,0.0017949,0.9982,3.744e-06,1.4043e-11,5.267e-17,1.9755e-22,1
423,1.0669e-45,2.8445e-40,7.5838e-35,2.022e-29,5.3908e-24,1.4373e-18,3.832e-13,1.0217e-07,0.027239,0.97276,3.6486e-06,1
424,1,3.7507e-06,1.4068e-11,5.2765e-17,1.9791e-22,7.423e-28,2.7842e-33,1.0443e-38,3.9168e-44,1.4691e-49,5.5101e-55,1
425,2.3284e-12,6.2079e-07,0.16551,0.83448,3.1299e-06,1.174e-11,4.4032e-17,1.6515e-22,6.1944e-28,2.3234e-33,8.7143e-39,1
426,0.0088741,0.99112,3.7174e-06,1.3943e-11,5.2297e-17,1.9615e-22,7.3571e-28,2.7595e-33,1.035e-38,3.882e-44,1.456e-49,1
427,3.815e-41,1.0171e-35,2.7119e-30,7.2302e-25,1.9277e-19,5.1395e-14,1.3703e-08,0.0036533,0.99634,3.737e-06,1.4017e-11,1
428,1.3862e-11,3.6958e-06,0.98536,0.014641,5.4913e-08,2.0597e-13,7.7252e-19,2.8975e-24,1.0868e-29,4.0762e-35,1.5289e-40,1
429,6.8175e-27,1.8176e-21,4.8461e-16,1.292e-10,3.4448e-05,0.99996,3.7506e-06,1.4067e-11,5.2763e-17,1.979e-22,7.4228e-28,1
430,1,3.7507e-06,1.4068e-11,5.2765e-17,1.9791e-22,7.423e-28,2.7842e-33,1.0443e-38,3.9168e-44,1.4691e-49,5.5101e-55,1
431,3.978e-06,0.99999,3.7507e-06,1.4068e-11,5.2765e-17,1.9791e-22,7.423e-28,2.7842e-33,1.0443e-38,3.9168e-44,1.4691e-49,1
432,0.3778,0.6222,2.3337e-06,8.7531e-12,3.2831e-17,1.2314e-22,4.6186e-28,1.7323e-33,6.4975e-39,2.437e-44,9.1407e-50,0
433,7.2459e-09,0.0019319,0.99806,3.7435e-06,1.4041e-11,5.2663e-17,1.9753e-22,7.4087e-28,2.7788e-33,1.0423e-38,3.9092e-44,1
434,1.2398e-50,3.3054e-45,8.8125e-40,2.3496e-34,6.2642e-29,1.6701e-23,4.4528e-18,1.1872e-12,3.1652e-07,0.084389,0.91561,1
435,1.9788e-22,5.2757e-17,1.4066e-11,3.7501e-06,0.99983,0.00016476,6.1795e-10,2.3178e-15,8.6934e-21,3.2607e-26,1.223e-31,1
436,1.4066e-11,3.7502e-06,0.99987,0.00013029,4.8868e-10,1.8329e-15,6.8748e-21,2.5785e-26,9.6714e-32,3.6275e-37,1.3606e-42,1
437,1.4058e-11,3.7481e-06,0.99929,0.00070186,2.6325e-09,9.8737e-15,3.7034e-20,1.389e-25,5.2099e-31,1.9541e-36,7.3293e-42,1
438,4.2279e-27,1.1272e-21,3.0053e-16,8.0126e-11,2.1363e-05,0.99997,3.7506e-06,1.4068e-11,5.2764e-17,1.979e-22,7.4229e-28,1
439,3.7005e-06,0.98661,0.013388,5.0214e-08,1.8834e-13,7.0641e-19,2.6496e-24,9.9378e-30,3.7274e-35,1.3981e-40,5.2437e-46,1
440,3.7503e-06,0.9999,0.00010012,3.7551e-10,1.4084e-15,5.2826e-21,1.9814e-26,7.4316e-32,2.7874e-37,1.0455e-42,3.9213e-48,1
441,5.5101e-55,1.4691e-49,3.9168e-44,1.0443e-38,2.7842e-33,7.423e-28,1.9791e-22,5.2765e-17,1.4068e-11,3.7507e-06,1,1
442,0.99998,1.9928e-05,7.4745e-11,2.8035e-16,1.0515e-21,3.9439e-27,1.4793e-32,5.5483e-38,2.081e-43,7.8054e-49,2.9276e-54,1
443,2.7832e-33,7.4204e-28,1.9784e-22,5.2746e-17,1.4063e-11,3.7494e-06,0.99964,0.00035467,1.3303e-09,4.9895e-15,1.8714e-20,1
444,1.4066e-11,3.7502e-06,0.99986,0.0001346,5.0484e-10,1.8935e-15,7.1021e-21,2.6638e-26,9.9912e-32,3.7474e-37,1.4056e-42,1
445,1,3.7507e-06,1.4068e-11,5.2765e-17,1.9791e-22,7.423e-28,2.7842e-33,1.0443e-38,3.9168e-44,1.4691e-49,5.5101e-55,1
446,3.7507e-06,0.99998,1.3662e-05,5.1242e-11,1.9219e-16,7.2087e-22,2.7038e-27,1.0141e-32,3.8037e-38,1.4267e-43,5.351e-49,1
447,5.1387e-21,1.37e-15,3.6527e-10,9.7388e-05,0.9999,3.7504e-06,1.4067e-11,5.276e-17,1.9789e-22,7.4223e-28,2.7839e-33,1
448,1.1594e-51,3.0912e-46,8.2415e-41,2.1973e-35,5.8583e-30,1.5619e-24,4.1643e-19,1.1103e-13,2.9601e-08,0.0078921,0.99211,1
449,1,3.7507e-06,1.4068e-11,5.2765e-17,1.9791e-22,7.423e-28,2.7842e-33,1.0443e-38,3.9168e-44,1.4691e-49,5.5101e-55,1
450,8.2456e-22,2.1984e-16,5.8613e-11,1.5627e-05,0.99998,3.7507e-06,1.4068e-11,5.2764e-17,1.9791e-22,7.4229e-28,2.7841e-33,1
451,3.7505e-06,0.99994,5.7166e-05,2.1442e-10,8.0422e-16,3.0164e-21,1.1314e-26,4.2435e-32,1.5916e-37,5.9697e-43,2.2391e-48,1
452,2.9065e-39,7.749e-34,2.066e-28,5.5083e-23,1.4686e-17,3.9154e-12,1.0439e-06,0.27832,0.72167,2.7068e-06,1.0153e-11,1
453,1.9786e-22,5.2751e-17,1.4064e-11,3.7497e-06,0.99973,0.00026225,9.8363e-10,3.6893e-15,1.3838e-20,5.1902e-26,1.9467e-31,1
454,1.3862e-11,3.6959e-06,0.98538,0.014615,5.4817e-08,2.056e-13,7.7117e-19,2.8924e-24,1.0849e-29,4.0691e-35,1.5262e-40,1
455,0.0021976,0.9978,3.7425e-06,1.4037e-11,5.2649e-17,1.9747e-22,7.4067e-28,2.7781e-33,1.042e-38,3.9082e-44,1.4659e-49,1
456,5.5101e-55,1.4691e-49,3.9168e-44,1.0443e-38,2.7842e-33,7.423e-28,1.9791e-22,5.2765e-17,1.4068e-11,3.7507e-06,1,1
457,5.5101e-55,1.4691e-49,3.9168e-44,1.0443e-38,2.7842e-33,7.423e-28,1.9791e-22,5.2765e-17,1.4068e-11,3.7507e-06,1,1
458,1,3.7507e-06,1.4068e-11,5.2765e-17,1.9791e-22,7.423e-28,2.7842e-33,1.0443e-38,3.9168e-44,1.4691e-49,5.5101e-55,1
459,8.65e-18,2.3062e-12,6.1487e-07,0.16393,0.83606,3.1358e-06,1.1762e-11,4.4115e-17,1.6546e-22,6.2061e-28,2.3278e-33,1
460,1.17e-24,3.1195e-19,8.317e-14,2.2174e-08,0.005912,0.99408,3.7285e-06,1.3985e-11,5.2453e-17,1.9674e-22,7.3791e-28,1
461,1,3.7507e-06,1.4068e-11,5.2765e-17,1.9791e-22,7.423e-28,2.7842e-33,1.0443e-38,3.9168e-44,1.4691e-49,5.5101e-55,1
462,3.7481e-06,0.99931,0.0006901,2.5884e-09,9.7083e-15,3.6413e-20,1.3658e-25,5.1226e-31,1.9214e-36,7.2065e-42,2.703e-47,1
463,1,3.7507e-06,1.4068e-11,5.2765e-17,1.9791e-22,7.423e-28,2.7842e-33,1.0443e-38,3.9168e-44,1.4691e-49,5.5101e-55,1
464,1,3.7507e-06,1.4068e-11,5.2765e-17,1.9791e-22,7.423e-28,2.7842e-33,1.0443e-38,3.9168e-44,1.4691e-49,5.5101e-55,1
465,3.6605e-06,0.97594,0.024061,9.0246e-08,3.3849e-13,1.2696e-18,4.7619e-24,1.786e-29,6.699e-35,2.5126e-40,9.4242e-46,1
466,5.5101e-55,1.4691e-49,3.9168e-44,1.0443e-38,2.7842e-33,7.423e-28,1.9791e-22,5.2765e-17,1.4068e-11,3.7507e-06,1,1
467,3.7507e-06,0.99999,4.2221e-06,1.5836e-11,5.9396e-17,2.2278e-22,8.3559e-28,3.1341e-33,1.1755e-38,4.409e-44,1.6537e-49,1
468,5.5101e-55,1.4691e-49,3.9168e-44,1.0443e-38,2.7842e-33,7.423e-28,1.9791e-22,5.2765e-17,1.4068e-11,3.7507e-06,1,1
469,1.1695e-33,3.1181e-28,8.3134e-23,2.2165e-17,5.9094e-12,1.5755e-06,0.42006,0.57993,2.1752e-06,8.1585e-12,3.06e-17,0
470,5.3218e-50,1.4189e-44,3.7829e-39,1.0086e-33,2.689e-28,7.1693e-23,1.9115e-17,5.0962e-12,1.3587e-06,0.36225,0.63774,0
471,1.4647e-49,3.905e-44,1.0411e-38,2.7758e-33,7.4007e-28,1.9731e-22,5.2606e-17,1.4026e-11,3.7394e-06,0.99699,0.003009,1
472,3.7504e-06,0.9999,9.6237e-05,3.6096e-10,1.3539e-15,5.078e-21,1.9046e-26,7.1437e-32,2.6794e-37,1.005e-42,3.7694e-48,1
473,1,3.7507e-06,1.4068e-11,5.2765e-17,1.9791e-22,7.423e-28,2.7842e-33,1.0443e-38,3.9168e-44,1.4691e-49,5.5101e-55,1
474,4.2908e-09,0.001144,0.99885,3.7464e-06,1.4052e-11,5.2705e-17,1.9768e-22,7.4145e-28,2.781e-33,1.0431e-38,3.9123e-44,1
475,1.4058e-11,3.748e-06,0.99927,0.00072282,2.7111e-09,1.0169e-14,3.814e-20,1.4305e-25,5.3655e-31,2.0125e-36,7.5482e-42,1
476,5.5101e-55,1.4691e-49,3.9168e-44,1.0443e-38,2.7842e-33,7.423e-28,1.9791e-22,5.2765e-17,1.4068e-11,3.7507e-06,1,1
477,3.7414e-23,9.975e-18,2.6595e-12,7.0906e-07,0.18904,0.81095,3.0417e-06,1.1408e-11,4.279e-17,1.6049e-22,6.0197e-28,1
478,0.97262,0.027382,1.027e-07,3.8521e-13,1.4448e-18,5.4191e-24,2.0326e-29,7.6236e-35,2.8594e-40,1.0725e-45,4.0226e-51,1
479,1,3.7507e-06,1.4068e-11,5.2765e-17,1.9791e-22,7.423e-28,2.7842e-33,1.0443e-38,3.9168e-44,1.4691e-49,5.5101e-55,1
480,0.99657,0.0034287,1.286e-08,4.8235e-14,1.8092e-19,6.7857e-25,2.5451e-30,9.5461e-36,3.5805e-41,1.3429e-46,5.037e-52,1
481,1.975e-22,5.2657e-17,1.4039e-11,3.7431e-06,0.99795,0.0020434,7.6644e-09,2.8747e-14,1.0782e-19,4.0441e-25,1.5169e-30,1
482,1.4067e-11,3.7505e-06,0.99993,6.6902e-05,2.5093e-10,9.4117e-16,3.5301e-21,1.324e-26,4.9661e-32,1.8627e-37,6.9864e-43,1
483,5.2731e-17,1.4059e-11,3.7483e-06,0.99936,0.0006402,2.4012e-09,9.0063e-15,3.378e-20,1.267e-25,4.7522e-31,1.7824e-36,1
484,7.9234e-05,0.99992,3.7504e-06,1.4067e-11,5.2761e-17,1.9789e-22,7.4224e-28,2.784e-33,1.0442e-38,3.9165e-44,1.469e-49,1
485,1,3.7507e-06,1.4068e-11,5.2765e-17,1.9791e-22,7.423e-28,2.7842e-33,1.0443e-38,3.9168e-44,1.4691e-49,5.5101e-55,1
486,2.5921e-12,6.9109e-07,0.18425,0.81574,3.0596e-06,1.1476e-11,4.3043e-17,1.6144e-22,6.0553e-28,2.2712e-33,8.5186e-39,1
487,7.4232e-40,1.9791e-34,5.2766e-29,1.4068e-23,3.7508e-18,1e-12,2.6662e-07,0.071084,0.92891,3.4841e-06,1.3068e-11,1
488,0.0023915,0.9976,3.7418e-06,1.4034e-11,5.2639e-17,1.9744e-22,7.4053e-28,2.7775e-33,1.0418e-38,3.9074e-44,1.4656e-49,1
489,1,3.7507e-06,1.4068e-11,5.2765e-17,1.9791e-22,7.423e-28,2.7842e-33,1.0443e-38,3.9168e-44,1.4691e-49,5.5101e-55,1
490,5.732e-28,1.5282e-22,4.0745e-17,1.0863e-11,2.8963e-06,0.77219,0.2278,8.5443e-07,3.2047e-12,1.202e-17,4.5084e-23,1
491,1,3.7507e-06,1.4068e-11,5.2765e-17,1.9791e-22,7.423e-28,2.7842e-33,1.0443e-38,3.9168e-44,1.4691e-49,5.5101e-55,1
492,4.3727e-42,1.1658e-36,3.1083e-31,8.2871e-26,2.2095e-20,5.8907e-15,1.5706e-09,0.00041873,0.99958,3.7492e-06,1.4062e-11,1
493,3.7462e-06,0.9988,0.0011964,4.4872e-09,1.683e-14,6.3127e-20,2.3677e-25,8.8807e-31,3.3309e-36,1.2493e-41,4.6859e-47,1
494,0.00038763,0.99961,3.7493e-06,1.4063e-11,5.2745e-17,1.9783e-22,7.4201e-28,2.7831e-33,1.0439e-38,3.9153e-44,1.4685e-49,1
495,1,3.8885e-06,1.4585e-11,5.4703e-17,2.0518e-22,7.6957e-28,2.8865e-33,1.0826e-38,4.0607e-44,1.523e-49,5.7125e-55,1
496,1.088e-17,2.9007e-12,7.7338e-07,0.20619,0.7938,2.9773e-06,1.1167e-11,4.1885e-17,1.571e-22,5.8924e-28,2.2101e-33,1
497,1,3.7507e-06,1.4068e-11,5.2765e-17,1.9791e-22,7.423e-28,2.7842e-33,1.0443e-38,3.9168e-44,1.4691e-49,5.5101e-55,1
498,0.99998,1.9881e-05,7.4567e-11,2.7968e-16,1.049e-21,3.9346e-27,1.4757e-32,5.5351e-38,2.0761e-43,7.7868e-49,2.9206e-54,1
499,0.017297,0.9827,3.6858e-06,1.3825e-11,5.1853e-17,1.9449e-22,7.2946e-28,2.736e-33,1.0262e-38,3.849e-44,1.4437e-49,1
500,0.018442,0.98155,3.6816e-06,1.3809e-11,5.1792e-17,1.9426e-22,7.2861e-28,2.7328e-33,1.025e-38,3.8446e-44,1.442e-49,1
501,1.4068e-11,3.7507e-06,0.99998,1.6949e-05,6.357e-11,2.3844e-16,8.9431e-22,3.3543e-27,1.2581e-32,4.7189e-38,1.7699e-43,1
502,1.8016e-07,0.048032,0.95196,3.5706e-06,1.3392e-11,5.0231e-17,1.884e-22,7.0665e-28,2.6504e-33,9.9411e-39,3.7287e-44,1
503,1.4068e-11,3.7507e-06,0.99999,8.0672e-06,3.0258e-11,1.1349e-16,4.2567e-22,1.5966e-27,5.9883e-33,2.246e-38,8.4243e-44,1
504,3.5069e-28,9.35e-23,2.4929e-17,6.6463e-12,1.772e-06,0.47244,0.52756,1.9787e-06,7.4217e-12,2.7837e-17,1.0441e-22,0
505,3.7506e-06,0.99997,2.9803e-05,1.1178e-10,4.1927e-16,1.5726e-21,5.8983e-27,2.2123e-32,8.2977e-38,3.1123e-43,1.1673e-48,1
506,5.2709e-17,1.4053e-11,3.7467e-06,0.99894,0.001061,3.9795e-09,1.4926e-14,5.5984e-20,2.0998e-25,7.8759e-31,2.954e-36,1
507,2.8561e-14,7.6146e-09,0.0020302,0.99797,3.7431e-06,1.4039e-11,5.2658e-17,1.9751e-22,7.4079e-28,2.7785e-33,1.0422e-38,1
508,3.4938e-33,9.315e-28,2.4835e-22,6.6214e-17,1.7654e-11,4.7067e-06,0.99999,3.7507e-06,1.4068e-11,5.2765e-17,1.9791e-22,1
509,1.1285e-10,3.0087e-05,0.99997,3.7506e-06,1.4068e-11,5.2764e-17,1.979e-22,7.4228e-28,2.7841e-33,1.0442e-38,3.9167e-44,1
510,1.0398e-38,2.7722e-33,7.3911e-28,1.9706e-22,5.2538e-17,1.4007e-11,3.7346e-06,0.99569,0.0043058,1.615e-08,6.0575e-14,1
511,0.082034,0.91796,3.443e-06,1.2914e-11,4.8437e-17,1.8167e-22,6.8141e-28,2.5558e-33,9.5861e-39,3.5955e-44,1.3486e-49,1
512,2.1227e-38,5.6594e-33,1.5089e-27,4.0229e-22,1.0726e-16,2.8596e-11,7.624e-06,0.99999,3.7507e-06,1.4068e-11,5.2765e-17,1
513,5.2763e-17,1.4067e-11,3.7506e-06,0.99996,3.5695e-05,1.3388e-10,5.0216e-16,1.8835e-21,7.0644e-27,2.6497e-32,9.9382e-38,1
514,3.7503e-06,0.99989,0.0001069,4.0097e-10,1.5039e-15,5.6409e-21,2.1157e-26,7.9356e-32,2.9764e-37,1.1164e-42,4.1872e-48,1
515,1.4067e-11,3.7505e-06,0.99993,6.7432e-05,2.5292e-10,9.4863e-16,3.5581e-21,1.3345e-26,5.0055e-32,1.8774e-37,7.0417e-43,1
516,0.99989,0.00010772,4.0404e-10,1.5154e-15,5.684e-21,2.1319e-26,7.9962e-32,2.9992e-37,1.1249e-42,4.2193e-48,1.5825e-53,1
517,0.45436,0.54563,2.0465e-06,7.676e-12,2.8791e-17,1.0799e-22,4.0503e-28,1.5191e-33,5.6979e-39,2.1371e-44,8.0158e-50,0
518,1.9781e-22,5.274e-17,1.4061e-11,3.7489e-06,0.99951,0.00048638,1.8243e-09,6.8424e-15,2.5664e-20,9.6259e-26,3.6104e-31,1
519,2.3997e-16,6.3981e-11,1.7058e-05,0.99998,3.7507e-06,1.4068e-11,5.2764e-17,1.979e-22,7.4229e-28,2.7841e-33,1.0443e-38,1
520,1,3.7507e-06,1.4068e-11,5.2765e-17,1.9791e-22,7.423e-28,2.7842e-33,1.0443e-38,3.9168e-44,1.4691e-49,5.5101e-55,1
521,1.9777e-22,5.2727e-17,1.4058e-11,3.748e-06,0.99928,0.00071848,2.6948e-09,1.0108e-14,3.7911e-20,1.4219e-25,5.3333e-31,1
522,1,3.7507e-06,1.4068e-11,5.2765e-17,1.9791e-22,7.423e-28,2.7842e-33,1.0443e-38,3.9168e-44,1.4691e-49,5.5101e-55,1
523,5.0841e-08,0.013555,0.98644,3.6999e-06,1.3877e-11,5.205e-17,1.9523e-22,7.3224e-28,2.7464e-33,1.0301e-38,3.8637e-44,1
524,9.1128e-14,2.4296e-08,0.0064777,0.99352,3.7264e-06,1.3977e-11,5.2423e-17,1.9663e-22,7.3749e-28,2.7661e-33,1.0375e-38,1
525,1.9791e-22,5.2765e-17,1.4068e-11,3.7507e-06,0.99999,4.2521e-06,1.5949e-11,5.9819e-17,2.2437e-22,8.4154e-28,3.1564e-33,1
526,0.00033504,0.99966,3.7495e-06,1.4063e-11,5.2748e-17,1.9784e-22,7.4205e-28,2.7832e-33,1.0439e-38,3.9155e-44,1.4686e-49,1
527,2.1037e-22,5.6089e-17,1.4954e-11,3.987e-06,0.99999,3.7507e-06,1.4068e-11,5.2765e-17,1.9791e-22,7.423e-28,2.7842e-33,1
528,5.5101e-55,1.4691e-49,3.9168e-44,1.0443e-38,2.7842e-33,7.423e-28,1.9791e-22,5.2765e-17,1.4068e-11,3.7507e-06,1,1
529,1,3.7507e-06,1.4068e-11,5.2765e-17,1.9791e-22,7.423e-28,2.7842e-33,1.0443e-38,3.9168e-44,1.4691e-49,5.5101e-55,1
530,2.7611e-51,7.3616e-46,1.9627e-40,5.2329e-35,1.3952e-29,3.7197e-24,9.9172e-19,2.6441e-13,7.0495e-08,0.018795,0.9812,1
531,5.7541e-32,1.5341e-26,4.0902e-21,1.0905e-15,2.9074e-10,7.7517e-05,0.99992,3.7504e-06,1.4067e-11,5.2761e-17,1.9789e-22,1
532,0.0011855,0.99881,3.7463e-06,1.4051e-11,5.2703e-17,1.9767e-22,7.4142e-28,2.7809e-33,1.043e-38,3.9121e-44,1.4673e-49,1
533,0.99988,0.00011524,4.3222e-10,1.6212e-15,6.0805e-21,2.2807e-26,8.5541e-32,3.2084e-37,1.2034e-42,4.5136e-48,1.6929e-53,1
534,1.3841e-11,3.6902e-06,0.98387,0.016123,6.0474e-08,2.2682e-13,8.5075e-19,3.1909e-24,1.1968e-29,4.489e-35,1.6837e-40,1
535,1.3995e-11,3.7313e-06,0.99483,0.0051712,1.9396e-08,7.2748e-14,2.7286e-19,1.0234e-24,3.8386e-30,1.4397e-35,5.4001e-41,1
536,7.4049e-28,1.9742e-22,5.2636e-17,1.4034e-11,3.7416e-06,0.99755,0.0024431,9.1634e-09,3.4369e-14,1.2891e-19,4.8351e-25,1
537,0.065507,0.93449,3.505e-06,1.3146e-11,4.9309e-17,1.8494e-22,6.9368e-28,2.6018e-33,9.7586e-39,3.6602e-44,1.3728e-49,1
538,5.2765e-17,1.4068e-11,3.7507e-06,0.99999,1.0846e-05,4.0682e-11,1.5259e-16,5.7232e-22,2.1466e-27,8.0514e-33,3.0198e-38,1
539,2.5622e-11,6.8311e-06,0.99999,3.7507e-06,1.4068e-11,5.2765e-17,1.9791e-22,7.423e-28,2.7842e-33,1.0443e-38,3.9168e-44,1
540,3.7409e-06,0.99739,0.002609,9.7855e-09,3.6703e-14,1.3766e-19,5.1634e-25,1.9366e-30,7.2638e-36,2.7245e-41,1.0219e-46,1
541,1.0363e-46,2.763e-41,7.3666e-36,1.964e-30,5.2364e-25,1.3961e-19,3.7222e-14,9.924e-09,0.0026459,0.99735,3.7408e-06,1
542,0.98205,0.017949,6.7322e-08,2.5251e-13,9.4709e-19,3.5523e-24,1.3324e-29,4.9974e-35,1.8744e-40,7.0303e-46,2.6369e-51,1
543,1,3.7507e-06,1.4068e-11,5.2765e-17,1.9791e-22,7.423e-28,2.7842e-33,1.0443e-38,3.9168e-44,1.4691e-49,5.5101e-55,1
544,1,3.7507e-06,1.4068e-11,5.2765e-17,1.9791e-22,7.423e-28,2.7842e-33,1.0443e-38,3.9168e-44,1.4691e-49,5.5101e-55,1
545,3.75e-06,0.99981,0.00018271,6.8531e-10,2.5704e-15,9.6409e-21,3.6161e-26,1.3563e-31,5.0871e-37,1.908e-42,7.1565e-48,1
546,1.4065e-11,3.7498e-06,0.99976,0.00023284,8.7334e-10,3.2757e-15,1.2286e-20,4.6082e-26,1.7284e-31,6.4828e-37,2.4315e-42,1
547,3.2441e-18,8.6491e-13,2.306e-07,0.061481,0.93852,3.5201e-06,1.3203e-11,4.9521e-17,1.8574e-22,6.9666e-28,2.613e-33,1
548,1,3.7507e-06,1.4068e-11,5.2765e-17,1.9791e-22,7.423e-28,2.7842e-33,1.0443e-38,3.9168e-44,1.4691e-49,5.5101e-55,1
549,1.2511e-08,0.0033355,0.99666,3.7382e-06,1.4021e-11,5.2589e-17,1.9725e-22,7.3983e-28,2.7749e-33,1.0408e-38,3.9037e-44,1
550,8.444e-07,0.22513,0.77487,2.9063e-06,1.0901e-11,4.0886e-17,1.5335e-22,5.7519e-28,2.1574e-33,8.0918e-39,3.035e-44,1
551,4.381e-14,1.168e-08,0.0031141,0.99688,3.739e-06,1.4024e-11,5.2601e-17,1.9729e-22,7.3999e-28,2.7755e-33,1.041e-38,1
552,5.2763e-17,1.4067e-11,3.7506e-06,0.99996,3.7523e-05,1.4074e-10,5.2788e-16,1.9799e-21,7.4262e-27,2.7854e-32,1.0447e-37,1
553,1.7083e-17,4.5547e-12,1.2143e-06,0.32376,0.67624,2.5364e-06,9.5133e-12,3.5682e-17,1.3383e-22,5.0197e-28,1.8828e-33,0
554,1,3.7507e-06,1.4068e-11,5.2765e-17,1.9791e-22,7.423e-28,2.7842e-33,1.0443e-38,3.9168e-44,1.4691e-49,5.5101e-55,1
555,3.7507e-06,0.99998,1.389e-05,5.21e-11,1.9541e-16,7.3294e-22,2.7491e-27,1.0311e-32,3.8674e-38,1.4505e-43,5.4406e-49,1
556,0.99994,6.1997e-05,2.3253e-10,8.7217e-16,3.2713e-21,1.227e-26,4.602e-32,1.7261e-37,6.4742e-43,2.4283e-48,9.1079e-54,1
557,1,3.7507e-06,1.4068e-11,5.2765e-17,1.9791e-22,7.423e-28,2.7842e-33,1.0443e-38,3.9168e-44,1.4691e-49,5.5101e-55,1
558,5.5101e-55,1.4691e-49,3.9168e-44,1.0443e-38,2.7842e-33,7.423e-28,1.9791e-22,5.2765e-17,1.4068e-11,3.7507e-06,1,1
559,2.4597e-17,6.5579e-12,1.7484e-06,0.46616,0.53384,2.0023e-06,7.5101e-12,2.8168e-17,1.0565e-22,3.9627e-28,1.4863e-33,0
560,6.6054e-14,1.7611e-08,0.0046953,0.9953,3.7331e-06,1.4002e-11,5.2517e-17,1.9698e-22,7.3882e-28,2.7711e-33,1.0394e-38,1
561,0.99992,8.1948e-05,3.0736e-10,1.1528e-15,4.324e-21,1.6218e-26,6.083e-32,2.2816e-37,8.5576e-43,3.2097e-48,1.2039e-53,1
562,5.9437e-06,0.99999,3.7507e-06,1.4068e-11,5.2765e-17,1.9791e-22,7.423e-28,2.7842e-33,1.0443e-38,3.9168e-44,1.4691e-49,1
563,3.2513e-19,8.6683e-14,2.3111e-08,0.0061617,0.99383,3.7276e-06,1.3981e-11,5.244e-17,1.9669e-22,7.3773e-28,2.767e-33,1
564,1.1306e-11,3.0143e-06,0.80365,0.19634,7.3644e-07,2.7622e-12,1.036e-17,3.8858e-23,1.4575e-28,5.4666e-34,2.0504e-39,1
565,5.2718e-17,1.4055e-11,3.7473e-06,0.9991,0.00089921,3.3727e-09,1.265e-14,4.7447e-20,1.7796e-25,6.6749e-31,2.5036e-36,1
566,3.8992e-44,1.0396e-38,2.7717e-33,7.3896e-28,1.9702e-22,5.2528e-17,1.4005e-11,3.7339e-06,0.9955,0.0044957,1.6862e-08,1
567,6.0805e-15,1.6211e-09,0.00043222,0.99956,3.7491e-06,1.4062e-11,5.2742e-17,1.9782e-22,7.4198e-28,2.783e-33,1.0438e-38,1
568,9.355e-49,2.4942e-43,6.6498e-38,1.7729e-32,4.7269e-27,1.2603e-21,3.36e-16,8.9584e-11,2.3884e-05,0.99997,3.7506e-06,1
569,0.99999,8.286e-06,3.1078e-11,1.1657e-16,4.3721e-22,1.6399e-27,6.1507e-33,2.307e-38,8.6528e-44,3.2454e-49,1.2173e-54,1
570,1,3.7507e-06,1.4068e-11,5.2765e-17,1.9791e-22,7.423e-28,2.7842e-33,1.0443e-38,3.9168e-44,1.4691e-49,5.5101e-55,1
571,3.7507e-06,0.99999,1.1133e-05,4.1758e-11,1.5662e-16,5.8745e-22,2.2034e-27,8.2643e-33,3.0997e-38,1.1626e-43,4.3607e-49,1
572,0.98811,0.011894,4.4613e-08,1.6733e-13,6.2761e-19,2.354e-24,8.8292e-30,3.3116e-35,1.2421e-40,4.6588e-46,1.7474e-51,1
573,2.1426e-28,5.7126e-23,1.5231e-17,4.0607e-12,1.0826e-06,0.28865,0.71135,2.6681e-06,1.0007e-11,3.7535e-17,1.4078e-22,0
574,1.3585e-37,3.6221e-32,9.6569e-27,2.5747e-21,6.8645e-16,1.8302e-10,4.8795e-05,0.99995,3.7505e-06,1.4067e-11,5.2763e-17,1
575,2.3356e-07,0.062271,0.93773,3.5172e-06,1.3192e-11,4.9479e-17,1.8558e-22,6.9608e-28,2.6108e-33,9.7924e-39,3.6729e-44,1
576,0.0067102,0.99329,3.7256e-06,1.3974e-11,5.2411e-17,1.9658e-22,7.3732e-28,2.7655e-33,1.0373e-38,3.8905e-44,1.4592e-49,1
577,0.063178,0.93682,3.5138e-06,1.3179e-11,4.9432e-17,1.854e-22,6.954e-28,2.6083e-33,9.783e-39,3.6693e-44,1.3763e-49,1
578,3.2765e-08,0.0087355,0.99126,3.718e-06,1.3945e-11,5.2304e-17,1.9618e-22,7.3582e-28,2.7599e-33,1.0351e-38,3.8826e-44,1
579,1.0419e-38,2.7778e-33,7.4061e-28,1.9746e-22,5.2645e-17,1.4036e-11,3.7422e-06,0.99772,0.0022787,8.547e-09,3.2057e-14,1
580,7.373e-28,1.9657e-22,5.2409e-17,1.3973e-11,3.7254e-06,0.99325,0.0067431,2.5291e-08,9.4862e-14,3.558e-19,1.3345e-24,1
581,6.2186e-26,1.658e-20,4.4204e-15,1.1785e-09,0.00031421,0.99968,3.7495e-06,1.4064e-11,5.2749e-17,1.9785e-22,7.4207e-28,1
582,0.9996,0.00039762,1.4914e-09,5.5937e-15,2.0981e-20,7.8693e-26,2.9515e-31,1.107e-36,4.1522e-42,1.5574e-47,5.8414e-53,1
583,9.6189e-40,2.5645e-34,6.8374e-29,1.8229e-23,4.8602e-18,1.2958e-12,3.4548e-07,0.09211,0.90789,3.4052e-06,1.2772e-11,1
584,6.8484e-28,1.8259e-22,4.868e-17,1.2979e-11,3.4604e-06,0.92258,0.077416,2.9037e-07,1.0891e-12,4.0849e-18,1.5321e-23,1
585,3.7057e-06,0.98799,0.012011,4.5048e-08,1.6896e-13,6.3374e-19,2.377e-24,8.9155e-30,3.344e-35,1.2542e-40,4.7043e-46,1
586,1.4054e-11,3.7469e-06,0.99898,0.0010182,3.8189e-09,1.4324e-14,5.3724e-20,2.0151e-25,7.5579e-31,2.8348e-36,1.0633e-41,1
587,2.6367e-33,7.0297e-28,1.8742e-22,4.997e-17,1.3323e-11,3.552e-06,0.94701,0.052983,1.9873e-07,7.4537e-13,2.7957e-18,1
588,1.2731e-06,0.33942,0.66057,2.4776e-06,9.293e-12,3.4855e-17,1.3073e-22,4.9035e-28,1.8392e-33,6.8982e-39,2.5873e-44,0
589,1.1331e-35,3.0211e-30,8.0546e-25,2.1475e-19,5.7254e-14,1.5265e-08,0.0040698,0.99593,3.7355e-06,1.4011e-11,5.255e-17,1
590,1.0305e-21,2.7474e-16,7.3249e-11,1.9529e-05,0.99998,3.7506e-06,1.4068e-11,5.2764e-17,1.979e-22,7.4229e-28,2.7841e-33,1
591,1,3.7507e-06,1.4068e-11,5.2765e-17,1.9791e-22,7.423e-28,2.7842e-33,1.0443e-38,3.9168e-44,1.4691e-49,5.5101e-55,1
592,4.9772e-25,1.327e-19,3.538e-14,9.4327e-09,0.0025149,0.99748,3.7413e-06,1.4033e-11,5.2633e-17,1.9741e-22,7.4043e-28,1
593,1.0443e-38,2.7842e-33,7.423e-28,1.9791e-22,5.2765e-17,1.4068e-11,3.7507e-06,0.99999,4.499e-06,1.6875e-11,6.3292e-17,1
594,3.4263e-23,9.1351e-18,2.4356e-12,6.4935e-07,0.17313,0.82687,3.1014e-06,1.1632e-11,4.363e-17,1.6364e-22,6.1379e-28,1
595,3.3893e-19,9.0364e-14,2.4092e-08,0.0064234,0.99357,3.7266e-06,1.3978e-11,5.2426e-17,1.9664e-22,7.3753e-28,2.7663e-33,1
596,5.5101e-55,1.4691e-49,3.9168e-44,1.0443e-38,2.7842e-33,7.423e-28,1.9791e-22,5.2765e-17,1.4068e-11,3.7507e-06,1,1
597,0.99556,0.0044413,1.6658e-08,6.248e-14,2.3435e-19,8.7897e-25,3.2968e-30,1.2365e-35,4.6379e-41,1.7396e-46,6.5246e-52,1
598,0.054285,0.94571,3.5471e-06,1.3304e-11,4.9901e-17,1.8716e-22,7.0201e-28,2.633e-33,9.8758e-39,3.7042e-44,1.3893e-49,1
599,0.0015688,0.99843,3.7448e-06,1.4046e-11,5.2682e-17,1.976e-22,7.4114e-28,2.7798e-33,1.0426e-38,3.9106e-44,1.4668e-49,1
600,0.90214,0.097862,3.6705e-07,1.3767e-12,5.1637e-18,1.9368e-23,7.2643e-29,2.7247e-34,1.0219e-39,3.8331e-45,1.4377e-50,1
601,1.8031e-11,4.8074e-06,0.99999,3.7507e-06,1.4068e-11,5.2765e-17,1.9791e-22,7.423e-28,2.7842e-33,1.0443e-38,3.9168e-44,1
602,3.7395e-06,0.99701,0.0029862,1.1201e-08,4.201e-14,1.5757e-19,5.91e-25,2.2167e-30,8.3142e-36,3.1184e-41,1.1696e-46,1
603,1.809e-07,0.048232,0.95176,3.5698e-06,1.3389e-11,5.022e-17,1.8836e-22,7.065e-28,2.6499e-33,9.939e-39,3.7279e-44,1
604,0.95829,0.041713,1.5646e-07,5.8682e-13,2.201e-18,8.2554e-24,3.0964e-29,1.1614e-34,4.356e-40,1.6338e-45,6.128e-51,1
605,0.99998,2.1414e-05,8.0317e-11,3.0125e-16,1.1299e-21,4.2379e-27,1.5895e-32,5.9619e-38,2.2362e-43,8.3873e-49,3.1458e-54,1
606,5.464e-34,1.4568e-28,3.884e-23,1.0355e-17,2.7609e-12,7.3608e-07,0.19625,0.80375,3.0146e-06,1.1307e-11,4.241e-17,1
607,1.7364e-06,0.46295,0.53705,2.0143e-06,7.5552e-12,2.8338e-17,1.0629e-22,3.9865e-28,1.4952e-33,5.6083e-39,2.1035e-44,0
608,1.2012e-24,3.2027e-19,8.5388e-14,2.2766e-08,0.0060697,0.99393,3.728e-06,1.3983e-11,5.2445e-17,1.9671e-22,7.378e-28,1
609,0.00040166,0.99959,3.7492e-06,1.4062e-11,5.2744e-17,1.9783e-22,7.42e-28,2.7831e-33,1.0439e-38,3.9152e-44,1.4685e-49,1
610,0.98155,0.018448,6.9194e-08,2.5953e-13,9.7343e-19,3.6511e-24,1.3694e-29,5.1363e-35,1.9265e-40,7.2258e-46,2.7102e-51,1
611,1.9629e-50,5.2335e-45,1.3953e-39,3.7201e-34,9.9184e-29,2.6444e-23,7.0503e-18,1.8797e-12,5.0116e-07,0.13362,0.86638,1
612,1,3.7507e-06,1.4068e-11,5.2765e-17,1.9791e-22,7.423e-28,2.7842e-33,1.0443e-38,3.9168e-44,1.4691e-49,5.5101e-55,1
613,1.821e-06,0.48549,0.5145,1.9298e-06,7.238e-12,2.7148e-17,1.0182e-22,3.8192e-28,1.4325e-33,5.3728e-39,2.0152e-44,0
614,0.023583,0.97641,3.6623e-06,1.3736e-11,5.1521e-17,1.9324e-22,7.248e-28,2.7185e-33,1.0196e-38,3.8244e-44,1.4344e-49,1
615,1.8441e-05,0.99998,3.7507e-06,1.4068e-11,5.2764e-17,1.979e-22,7.4229e-28,2.7841e-33,1.0443e-38,3.9167e-44,1.4691e-49,1
616,1,3.7507e-06,1.4068e-11,5.2765e-17,1.9791e-22,7.423e-28,2.7842e-33,1.0443e-38,3.9168e-44,1.4691e-49,5.5101e-55,1
617,1.4689e-49,3.9162e-44,1.0441e-38,2.7837e-33,7.4218e-28,1.9788e-22,5.2757e-17,1.4066e-11,3.7501e-06,0.99984,0.00015764,1
618,5.2764e-17,1.4068e-11,3.7506e-06,0.99997,2.2017e-05,8.2579e-11,3.0973e-16,1.1617e-21,4.3573e-27,1.6343e-32,6.1299e-38,1
619,4.5019e-40,1.2003e-34,3.2001e-29,8.5319e-24,2.2747e-18,6.0647e-13,1.6169e-07,0.04311,0.95689,3.589e-06,1.3461e-11,1
620,5.8366e-23,1.5561e-17,4.1489e-12,1.1061e-06,0.29491,0.70508,2.6446e-06,9.9191e-12,3.7204e-17,1.3954e-22,5.2339e-28,0
621,1,3.7507e-06,1.4068e-11,5.2765e-17,1.9791e-22,7.423e-28,2.7842e-33,1.0443e-38,3.9168e-44,1.4691e-49,5.5101e-55,1
622,5.5101e-55,1.4691e-49,3.9168e-44,1.0443e-38,2.7842e-33,7.423e-28,1.9791e-22,5.2765e-17,1.4068e-11,3.7507e-06,1,1
623,7.1419e-28,1.9041e-22,5.0767e-17,1.3535e-11,3.6087e-06,0.96213,0.03787,1.4204e-07,5.3276e-13,1.9982e-18,7.4948e-24,1
624,5.276e-17,1.4067e-11,3.7504e-06,0.9999,9.3458e-05,3.5053e-10,1.3148e-15,4.9313e-21,1.8496e-26,6.9374e-32,2.602e-37,1
625,1.1838e-22,3.1561e-17,8.4145e-12,2.2434e-06,0.59813,0.40187,1.5073e-06,5.6535e-12,2.1205e-17,7.9533e-23,2.9831e-28,0
626,1,3.7507e-06,1.4068e-11,5.2765e-17,1.9791e-22,7.423e-28,2.7842e-33,1.0443e-38,3.9168e-44,1.4691e-49,5.5101e-55,1
627,5.2436e-17,1.398e-11,3.7273e-06,0.99376,0.0062376,2.3396e-08,8.775e-14,3.2913e-19,1.2345e-24,4.6302e-30,1.7367e-35,1
628,2.163e-18,5.767e-13,1.5376e-07,0.040993,0.959,3.597e-06,1.3491e-11,5.0602e-17,1.898e-22,7.1187e-28,2.67e-33,1
629,3.7327e-06,0.99519,0.0048095,1.8039e-08,6.7659e-14,2.5377e-19,9.5183e-25,3.5701e-30,1.339e-35,5.0224e-41,1.8838e-46,1
630,5.2748e-17,1.4063e-11,3.7495e-06,0.99967,0.00032275,1.2105e-09,4.5405e-15,1.703e-20,6.3875e-26,2.3958e-31,8.986e-37,1
631,0.99989,0.00011078,4.155e-10,1.5584e-15,5.8453e-21,2.1924e-26,8.2232e-32,3.0843e-37,1.1568e-42,4.339e-48,1.6274e-53,1
632,0.99426,0.0057444,2.1546e-08,8.0813e-14,3.0311e-19,1.1369e-24,4.2641e-30,1.5994e-35,5.9988e-41,2.25e-46,8.4391e-52,1
633,1.9767e-22,5.2702e-17,1.4051e-11,3.7463e-06,0.99881,0.0011886,4.4579e-09,1.6721e-14,6.2714e-20,2.3522e-25,8.8227e-31,1
634,4.0236e-06,0.99999,3.7507e-06,1.4068e-11,5.2765e-17,1.9791e-22,7.423e-28,2.7842e-33,1.0443e-38,3.9168e-44,1.4691e-49,1
635,5.2756e-17,1.4065e-11,3.75e-06,0.99982,0.00018117,6.7952e-10,2.5487e-15,9.5595e-21,3.5855e-26,1.3448e-31,5.0441e-37,1
636,5.5101e-55,1.4691e-49,3.9168e-44,1.0443e-38,2.7842e-33,7.423e-28,1.9791e-22,5.2765e-17,1.4068e-11,3.7507e-06,1,1
637,7.331e-28,1.9546e-22,5.2111e-17,1.3894e-11,3.7042e-06,0.9876,0.012391,4.6476e-08,1.7432e-13,6.5383e-19,2.4523e-24,1
638,1.6035e-09,0.00042753,0.99957,3.7491e-06,1.4062e-11,5.2743e-17,1.9782e-22,7.4198e-28,2.783e-33,1.0438e-38,3.9151e-44,1
639,1.397e-11,3.7245e-06,0.99301,0.0069822,2.6188e-08,9.8225e-14,3.6842e-19,1.3818e-24,5.1829e-30,1.944e-35,7.2913e-41,1
640,1.3946e-11,3.7181e-06,0.9913,0.0086984,3.2625e-08,1.2237e-13,4.5897e-19,1.7215e-24,6.4568e-30,2.4218e-35,9.0835e-41,1
641,1,3.7507e-06,1.4068e-11,5.2765e-17,1.9791e-22,7.423e-28,2.7842e-33,1.0443e-38,3.9168e-44,1.4691e-49,5.5101e-55,1
642,1.026e-11,2.7355e-06,0.72932,0.27067,1.0152e-06,3.8079e-12,1.4282e-17,5.3569e-23,2.0092e-28,7.5361e-34,2.8266e-39,1
643,1.4068e-11,3.7507e-06,0.99999,5.708e-06,2.1409e-11,8.03e-17,3.0118e-22,1.1297e-27,4.2371e-33,1.5892e-38,5.9607e-44,1
644,1.4059e-11,3.7483e-06,0.99936,0.00063555,2.3838e-09,8.9409e-15,3.3535e-20,1.2578e-25,4.7177e-31,1.7695e-36,6.6369e-42,1
645,1.8321e-07,0.048846,0.95115,3.5675e-06,1.3381e-11,5.0188e-17,1.8824e-22,7.0604e-28,2.6482e-33,9.9326e-39,3.7255e-44,1
646,9.8893e-14,2.6366e-08,0.0070296,0.99297,3.7244e-06,1.3969e-11,5.2394e-17,1.9652e-22,7.3708e-28,2.7646e-33,1.0369e-38,1
647,3.7483e-06,0.99936,0.0006402,2.4012e-09,9.0064e-15,3.378e-20,1.267e-25,4.7522e-31,1.7824e-36,6.6855e-42,2.5075e-47,1
648,1.1558e-11,3.0814e-06,0.82155,0.17844,6.693e-07,2.5104e-12,9.4157e-18,3.5316e-23,1.3246e-28,4.9682e-34,1.8635e-39,1
649,1.8518e-06,0.4937,0.50629,1.899e-06,7.1225e-12,2.6715e-17,1.002e-22,3.7582e-28,1.4096e-33,5.2871e-39,1.983e-44,0
650,3.5037e-10,9.3413e-05,0.9999,3.7504e-06,1.4067e-11,5.276e-17,1.9789e-22,7.4223e-28,2.7839e-33,1.0442e-38,3.9164e-44,1
651,1,3.7507e-06,1.4068e-11,5.2765e-17,1.9791e-22,7.423e-28,2.7842e-33,1.0443e-38,3.9168e-44,1.4691e-49,5.5101e-55,1
652,5.0048e-43,1.3343e-37,3.5575e-32,9.4849e-27,2.5288e-21,6.7422e-16,1.7976e-10,4.7926e-05,0.99995,3.7505e-06,1.4067e-11,1
653,5.5101e-55,1.4691e-49,3.9168e-44,1.0443e-38,2.7842e-33,7.423e-28,1.9791e-22,5.2765e-17,1.4068e-11,3.7507e-06,1,1
654,9.6023e-05,0.9999,3.7504e-06,1.4067e-11,5.276e-17,1.9789e-22,7.4223e-28,2.7839e-33,1.0442e-38,3.9164e-44,1.4689e-49,1
655,7.4219e-28,1.9788e-22,5.2757e-17,1.4066e-11,3.7502e-06,0.99985,0.00014954,5.6087e-10,2.1037e-15,7.8903e-21,2.9595e-26,1
656,5.5101e-55,1.4691e-49,3.9168e-44,1.0443e-38,2.7842e-33,7.423e-28,1.9791e-22,5.2765e-17,1.4068e-11,3.7507e-06,1,1
657,1.4274e-37,3.8058e-32,1.0147e-26,2.7053e-21,7.2126e-16,1.923e-10,5.127e-05,0.99994,3.7505e-06,1.4067e-11,5.2763e-17,1
658,1.0443e-38,2.7841e-33,7.4229e-28,1.979e-22,5.2764e-17,1.4068e-11,3.7506e-06,0.99998,2.0103e-05,7.5401e-11,2.8281e-16,1
659,2.9026e-31,7.7388e-26,2.0633e-20,5.501e-15,1.4666e-09,0.00039103,0.99961,3.7493e-06,1.4062e-11,5.2745e-17,1.9783e-22,1
660,5.5101e-55,1.4691e-49,3.9168e-44,1.0443e-38,2.7842e-33,7.423e-28,1.9791e-22,5.2765e-17,1.4068e-11,3.7507e-06,1,1
661,0.0040208,0.99598,3.7356e-06,1.4011e-11,5.2553e-17,1.9711e-22,7.3932e-28,2.773e-33,1.0401e-38,3.901e-44,1.4632e-49,1
662,3.7077e-06,0.98853,0.011469,4.3018e-08,1.6135e-13,6.0518e-19,2.2699e-24,8.5136e-30,3.1932e-35,1.1977e-40,4.4922e-46,1
663,6.3259e-18,1.6866e-12,4.4967e-07,0.11989,0.88011,3.3011e-06,1.2381e-11,4.6439e-17,1.7418e-22,6.5331e-28,2.4504e-33,1
664,7.4228e-28,1.979e-22,5.2764e-17,1.4068e-11,3.7506e-06,0.99997,2.6723e-05,1.0023e-10,3.7595e-16,1.4101e-21,5.2888e-27,1
665,5.5101e-55,1.4691e-49,3.9168e-44,1.0443e-38,2.7842e-33,7.423e-28,1.9791e-22,5.2765e-17,1.4068e-11,3.7507e-06,1,1
666,2.3807e-53,6.3472e-48,1.6923e-42,4.5118e-37,1.2029e-31,3.2071e-26,8.5506e-21,2.2797e-15,6.0781e-10,0.00016205,0.99984,1
667,1,3.7507e-06,1.4068e-11,5.2765e-17,1.9791e-22,7.423e-28,2.7842e-33,1.0443e-38,3.9168e-44,1.4691e-49,5.5101e-55,1
668,1.979e-22,5.2763e-17,1.4067e-11,3.7506e-06,0.99995,4.5253e-05,1.6973e-10,6.3662e-16,2.3878e-21,8.956e-27,3.3592e-32,1
669,0.00064996,0.99935,3.7483e-06,1.4059e-11,5.2731e-17,1.9778e-22,7.4182e-28,2.7824e-33,1.0436e-38,3.9142e-44,1.4681e-49,1
670,3.9168e-44,1.0443e-38,2.7842e-33,7.423e-28,1.9791e-22,5.2765e-17,1.4068e-11,3.7507e-06,0.99999,3.7749e-06,1.4159e-11,1
671,0.99998,1.8532e-05,6.9509e-11,2.6071e-16,9.7785e-22,3.6677e-27,1.3756e-32,5.1597e-38,1.9353e-43,7.2586e-49,2.7225e-54,1
672,8.4554e-05,0.99991,3.7504e-06,1.4067e-11,5.2761e-17,1.9789e-22,7.4224e-28,2.7839e-33,1.0442e-38,3.9165e-44,1.469e-49,1
673,0.98776,0.012236,4.5894e-08,1.7214e-13,6.4564e-19,2.4216e-24,9.0828e-30,3.4067e-35,1.2778e-40,4.7926e-46,1.7976e-51,1
674,0.00076333,0.99923,3.7479e-06,1.4057e-11,5.2725e-17,1.9776e-22,7.4174e-28,2.7821e-33,1.0435e-38,3.9138e-44,1.468e-49,1
675,0.025661,0.97434,3.6545e-06,1.3707e-11,5.1411e-17,1.9283e-22,7.2325e-28,2.7127e-33,1.0175e-38,3.8163e-44,1.4314e-49,1
676,9.4191e-08,0.025113,0.97488,3.6565e-06,1.3715e-11,5.144e-17,1.9294e-22,7.2366e-28,2.7143e-33,1.018e-38,3.8184e-44,1
677,7.0453e-33,1.8784e-27,5.008e-22,1.3352e-16,3.5599e-11,9.4911e-06,0.99999,3.7507e-06,1.4068e-11,5.2765e-17,1.9791e-22,1
678,0.25284,0.74716,2.8024e-06,1.0511e-11,3.9424e-17,1.4787e-22,5.5462e-28,2.0802e-33,7.8024e-39,2.9265e-44,1.0976e-49,1
679,1.4683e-49,3.9147e-44,1.0437e-38,2.7827e-33,7.419e-28,1.978e-22,5.2737e-17,1.406e-11,3.7487e-06,0.99946,0.0005358,1
680,1.0348e-32,2.7588e-27,7.3554e-22,1.961e-16,5.2284e-11,1.394e-05,0.99998,3.7507e-06,1.4068e-11,5.2764e-17,1.9791e-22,1
681,2.7555e-33,7.3464e-28,1.9587e-22,5.2221e-17,1.3923e-11,3.712e-06,0.98968,0.010317,3.8697e-08,1.4514e-13,5.4438e-19,1
682,1,3.7507e-06,1.4068e-11,5.2765e-17,1.9791e-22,7.423e-28,2.7842e-33,1.0443e-38,3.9168e-44,1.4691e-49,5.5101e-55,1
683,1.6592e-08,0.0044238,0.99557,3.7341e-06,1.4006e-11,5.2532e-17,1.9703e-22,7.3902e-28,2.7719e-33,1.0397e-38,3.8995e-44,1
684,1.7459e-21,4.6547e-16,1.241e-10,3.3087e-05,0.99996,3.7506e-06,1.4067e-11,5.2763e-17,1.979e-22,7.4228e-28,2.7841e-33,1
685,7.423e-28,1.9791e-22,5.2765e-17,1.4068e-11,3.7507e-06,0.99999,7.4356e-06,2.7889e-11,1.046e-16,3.9234e-22,1.4716e-27,1
686,0.99969,0.00030776,1.1543e-09,4.3295e-15,1.6239e-20,6.0908e-26,2.2845e-31,8.5685e-37,3.2138e-42,1.2054e-47,4.5212e-53,1
687,1.0442e-38,2.7839e-33,7.4223e-28,1.9789e-22,5.276e-17,1.4067e-11,3.7504e-06,0.9999,9.3166e-05,3.4944e-10,1.3107e-15,1
688,1.4632e-07,0.039011,0.96098,3.6044e-06,1.3519e-11,5.0707e-17,1.9019e-22,7.1334e-28,2.6756e-33,1.0035e-38,3.764e-44,1
689,4.2709e-08,0.011387,0.98861,3.708e-06,1.3908e-11,5.2164e-17,1.9565e-22,7.3385e-28,2.7525e-33,1.0324e-38,3.8722e-44,1
690,2.9306e-21,7.8133e-16,2.0831e-10,5.554e-05,0.99994,3.7505e-06,1.4067e-11,5.2762e-17,1.979e-22,7.4226e-28,2.784e-33,1
691,2.2712e-16,6.0554e-11,1.6145e-05,0.99998,3.7507e-06,1.4068e-11,5.2764e-17,1.9791e-22,7.4229e-28,2.7841e-33,1.0443e-38,1
692,0.00032128,0.99967,3.7495e-06,1.4063e-11,5.2748e-17,1.9784e-22,7.4206e-28,2.7833e-33,1.0439e-38,3.9155e-44,1.4686e-49,1
693,1,3.7507e-06,1.4068e-11,5.2765e-17,1.9791e-22,7.423e-28,2.7842e-33,1.0443e-38,3.9168e-44,1.4691e-49,5.5101e-55,1
694,4.9938e-17,1.3314e-11,3.5498e-06,0.94642,0.053572,2.0093e-07,7.5365e-13,2.8267e-18,1.0602e-23,3.9767e-29,1.4915e-34,1
695,1.8578e-15,4.9532e-10,0.00013206,0.99986,3.7502e-06,1.4066e-11,5.2758e-17,1.9788e-22,7.422e-28,2.7838e-33,1.0441e-38,1
696,3.1711e-51,8.4545e-46,2.2541e-40,6.0098e-35,1.6023e-29,4.2719e-24,1.139e-18,3.0366e-13,8.0961e-08,0.021585,0.97841,1
697,1.979e-22,5.2762e-17,1.4067e-11,3.7505e-06,0.99993,6.3041e-05,2.3645e-10,8.8686e-16,3.3264e-21,1.2476e-26,4.6796e-32,1
698,1,3.7507e-06,1.4068e-11,5.2765e-17,1.9791e-22,7.423e-28,2.7842e-33,1.0443e-38,3.9168e-44,1.4691e-49,5.5101e-55,1
699,5.0137e-30,1.3367e-24,3.5639e-19,9.5018e-14,2.5333e-08,0.0067542,0.99324,3.7254e-06,1.3973e-11,5.2409e-17,1.9657e-22,1
700,1,3.7507e-06,1.4068e-11,5.2765e-17,1.9791e-22,7.423e-28,2.7842e-33,1.0443e-38,3.9168e-44,1.4691e-49,5.5101e-55,1
701,1.4696e-07,0.039183,0.96081,3.6038e-06,1.3517e-11,5.0698e-17,1.9015e-22,7.1322e-28,2.6751e-33,1.0034e-38,3.7633e-44,1
702,2.4178e-05,0.99997,3.7506e-06,1.4068e-11,5.2764e-17,1.979e-22,7.4228e-28,2.7841e-33,1.0442e-38,3.9167e-44,1.469e-49,1
703,1,3.7507e-06,1.4068e-11,5.2765e-17,1.9791e-22,7.423e-28,2.7842e-33,1.0443e-38,3.9168e-44,1.4691e-49,5.5101e-55,1
704,0.99988,0.00012093,4.5358e-10,1.7013e-15,6.381e-21,2.3933e-26,8.9768e-32,3.367e-37,1.2629e-42,4.7367e-48,1.7766e-53,1
705,1,3.7507e-06,1.4068e-11,5.2765e-17,1.9791e-22,7.423e-28,2.7842e-33,1.0443e-38,3.9168e-44,1.4691e-49,5.5101e-55,1
706,6.0886e-21,1.6233e-15,4.328e-10,0.00011539,0.99988,3.7503e-06,1.4066e-11,5.2759e-17,1.9789e-22,7.4222e-28,2.7839e-33,1
707,1,3.7507e-06,1.4068e-11,5.2765e-17,1.9791e-22,7.423e-28,2.7842e-33,1.0443e-38,3.9168e-44,1.4691e-49,5.5101e-55,1
708,3.7481e-06,0.9993,0.00070065,2.6279e-09,9.8567e-15,3.697e-20,1.3866e-25,5.2009e-31,1.9507e-36,7.3167e-42,2.7443e-47,1
709,5.2748e-17,1.4063e-11,3.7495e-06,0.99967,0.00032865,1.2327e-09,4.6235e-15,1.7341e-20,6.5043e-26,2.4396e-31,9.1503e-37,1
710,5.174e-17,1.3795e-11,3.6779e-06,0.98057,0.019424,7.2853e-08,2.7325e-13,1.0249e-18,3.8441e-24,1.4418e-29,5.4079e-35,1
711,1,3.7507e-06,1.4068e-11,5.2765e-17,1.9791e-22,7.423e-28,2.7842e-33,1.0443e-38,3.9168e-44,1.4691e-49,5.5101e-55,1
712,1.4064e-11,3.7497e-06,0.99973,0.00026934,1.0102e-09,3.7891e-15,1.4212e-20,5.3305e-26,1.9993e-31,7.499e-37,2.8127e-42,1
713,4.0342e-25,1.0756e-19,2.8676e-14,7.6455e-09,0.0020384,0.99796,3.7431e-06,1.4039e-11,5.2658e-17,1.975e-22,7.4079e-28,1
714,1.9791e-22,5.2765e-17,1.4068e-11,3.7507e-06,0.99999,7.5293e-06,2.824e-11,1.0592e-16,3.9728e-22,1.4901e-27,5.589e-33,1
715,7.4214e-28,1.9787e-22,5.2754e-17,1.4065e-11,3.7499e-06,0.99978,0.00021475,8.0549e-10,3.0212e-15,1.1332e-20,4.2502e-26,1
716,2.7803e-33,7.4128e-28,1.9763e-22,5.2692e-17,1.4049e-11,3.7455e-06,0.99861,0.0013823,5.1845e-09,1.9446e-14,7.2936e-20,1
717,3.913e-44,1.0433e-38,2.7815e-33,7.4158e-28,1.9772e-22,5.2714e-17,1.4054e-11,3.7471e-06,0.99902,0.00097449,3.6551e-09,1
718,2.6389e-48,7.0358e-43,1.8759e-37,5.0013e-32,1.3334e-26,3.5551e-21,9.4783e-16,2.5271e-10,6.7375e-05,0.99993,3.7505e-06,1
719,1.3457e-15,3.5879e-10,9.5659e-05,0.9999,3.7504e-06,1.4067e-11,5.276e-17,1.9789e-22,7.4223e-28,2.7839e-33,1.0442e-38,1
720,2.8071e-25,7.4842e-20,1.9954e-14,5.32e-09,0.0014184,0.99858,3.7454e-06,1.4048e-11,5.269e-17,1.9763e-22,7.4125e-28,1
721,1.0442e-38,2.7841e-33,7.4227e-28,1.979e-22,5.2763e-17,1.4067e-11,3.7506e-06,0.99995,4.1421e-05,1.5536e-10,5.8271e-16,1
722,7.103e-14,1.8938e-08,0.005049,0.99495,3.7318e-06,1.3997e-11,5.2499e-17,1.9691e-22,7.3855e-28,2.7701e-33,1.039e-38,1
723,5.5101e-55,1.4691e-49,3.9168e-44,1.0443e-38,2.7842e-33,7.423e-28,1.9791e-22,5.2765e-17,1.4068e-11,3.7507e-06,1,1
724,1,3.7507e-06,1.4068e-11,5.2765e-17,1.9791e-22,7.423e-28,2.7842e-33,1.0443e-38,3.9168e-44,1.4691e-49,5.5101e-55,1
725,1.3781e-11,3.6743e-06,0.97963,0.02037,7.6404e-08,2.8657e-13,1.0749e-18,4.0315e-24,1.5121e-29,5.6715e-35,2.1272e-40,1
726,0.72338,0.27662,1.0375e-06,3.8915e-12,1.4596e-17,5.4746e-23,2.0534e-28,7.7017e-34,2.8887e-39,1.0835e-44,4.0638e-50,1
727,1,3.7507e-06,1.4068e-11,5.2765e-17,1.9791e-22,7.423e-28,2.7842e-33,1.0443e-38,3.9168e-44,1.4691e-49,5.5101e-55,1
728,1.0443e-38,2.7842e-33,7.423e-28,1.9791e-22,5.2765e-17,1.4068e-11,3.7507e-06,0.99999,4.1847e-06,1.5696e-11,5.8871e-17,1
729,5.1618e-17,1.3762e-11,3.6692e-06,0.97825,0.021745,8.1559e-08,3.0591e-13,1.1474e-18,4.3035e-24,1.6141e-29,6.0542e-35,1
730,5.6093e-15,1.4955e-09,0.00039873,0.9996,3.7492e-06,1.4062e-11,5.2744e-17,1.9783e-22,7.4201e-28,2.7831e-33,1.0439e-38,1
731,1,3.7507e-06,1.4068e-11,5.2765e-17,1.9791e-22,7.423e-28,2.7842e-33,1.0443e-38,3.9168e-44,1.4691e-49,5.5101e-55,1
732,7.4218e-28,1.9788e-22,5.2756e-17,1.4066e-11,3.7501e-06,0.99983,0.00016784,6.2951e-10,2.3611e-15,8.856e-21,3.3217e-26,1
733,1,3.7507e-06,1.4068e-11,5.2765e-17,1.9791e-22,7.423e-28,2.7842e-33,1.0443e-38,3.9168e-44,1.4691e-49,5.5101e-55,1
734,7.5963e-07,0.20253,0.79747,2.9911e-06,1.1219e-11,4.2079e-17,1.5783e-22,5.9196e-28,2.2203e-33,8.3278e-39,3.1235e-44,1
735,5.5101e-55,1.4691e-49,3.9168e-44,1.0443e-38,2.7842e-33,7.423e-28,1.9791e-22,5.2765e-17,1.4068e-11,3.7507e-06,1,1
736,3.6163e-06,0.96416,0.03584,1.3443e-07,5.042e-13,1.8911e-18,7.0931e-24,2.6604e-29,9.9786e-35,3.7427e-40,1.4038e-45,1
737,9.2412e-24,2.4638e-18,6.5689e-13,1.7514e-07,0.046694,0.9533,3.5756e-06,1.3411e-11,5.0301e-17,1.8867e-22,7.0764e-28,1
738,1.8985e-24,5.0618e-19,1.3495e-13,3.5981e-08,0.009593,0.9904,3.7147e-06,1.3933e-11,5.2259e-17,1.9601e-22,7.3518e-28,1
739,5.9416e-21,1.5841e-15,4.2235e-10,0.0001126,0.99988,3.7503e-06,1.4066e-11,5.2759e-17,1.9789e-22,7.4222e-28,2.7839e-33,1
740,3.7507e-06,0.99999,6.2001e-06,2.3255e-11,8.7223e-17,3.2715e-22,1.227e-27,4.6023e-33,1.7262e-38,6.4746e-44,2.4284e-49,1
741,3.9168e-44,1.0443e-38,2.7842e-33,7.423e-28,1.9791e-22,5.2765e-17,1.4068e-11,3.7507e-06,0.99999,3.9195e-06,1.4701e-11,1
742,1.9721e-22,5.258e-17,1.4018e-11,3.7375e-06,0.99648,0.0035176,1.3194e-08,4.9486e-14,1.8561e-19,6.9617e-25,2.6111e-30,1
743,3.7494e-06,0.99964,0.0003609,1.3537e-09,5.0772e-15,1.9043e-20,7.1426e-26,2.679e-31,1.0048e-36,3.7688e-42,1.4136e-47,1
744,3.7507e-06,0.99998,1.8142e-05,6.8045e-11,2.5522e-16,9.5725e-22,3.5904e-27,1.3467e-32,5.051e-38,1.8945e-43,7.1057e-49,1
745,0.0090304,0.99097,3.7169e-06,1.3941e-11,5.2289e-17,1.9612e-22,7.356e-28,2.759e-33,1.0348e-38,3.8814e-44,1.4558e-49,1
746,3.3819e-17,9.0166e-12,2.404e-06,0.64093,0.35907,1.3468e-06,5.0514e-12,1.8946e-17,7.1063e-23,2.6654e-28,9.9971e-34,0
747,1.3625e-09,0.00036325,0.99963,3.7494e-06,1.4063e-11,5.2746e-17,1.9784e-22,7.4203e-28,2.7832e-33,1.0439e-38,3.9154e-44,1
748,1,3.7507e-06,1.4068e-11,5.2765e-17,1.9791e-22,7.423e-28,2.7842e-33,1.0443e-38,3.9168e-44,1.4691e-49,5.5101e-55,1
749,3.9162e-44,1.0441e-38,2.7838e-33,7.4219e-28,1.9788e-22,5.2757e-17,1.4066e-11,3.7502e-06,0.99985,0.00014906,5.5908e-10,1
750,5.5101e-55,1.4691e-49,3.9168e-44,1.0443e-38,2.7842e-33,7.423e-28,1.9791e-22,5.2765e-17,1.4068e-11,3.7507e-06,1,1
751,1.0366e-38,2.7637e-33,7.3683e-28,1.9645e-22,5.2376e-17,1.3964e-11,3.7231e-06,0.99262,0.0073716,2.7649e-08,1.037e-13,1
752,1.044e-38,2.7835e-33,7.4212e-28,1.9786e-22,5.2752e-17,1.4064e-11,3.7498e-06,0.99975,0.00025037,9.3905e-10,3.5221e-15,1
753,1,3.7507e-06,1.4068e-11,5.2765e-17,1.9791e-22,7.423e-28,2.7842e-33,1.0443e-38,3.9168e-44,1.4691e-49,5.5101e-55,1
754,2.3553e-22,6.2797e-17,1.6742e-11,4.4638e-06,0.99999,3.7507e-06,1.4068e-11,5.2765e-17,1.9791e-22,7.423e-28,2.7842e-33,1
755,2.5271e-34,6.7377e-29,1.7964e-23,4.7894e-18,1.2769e-12,3.4044e-07,0.090767,0.90923,3.4103e-06,1.2791e-11,4.7976e-17,1
756,2.5264e-16,6.7357e-11,1.7958e-05,0.99998,3.7507e-06,1.4068e-11,5.2764e-17,1.979e-22,7.4229e-28,2.7841e-33,1.0443e-38,1
757,5.5101e-55,1.4691e-49,3.9168e-44,1.0443e-38,2.7842e-33,7.423e-28,1.9791e-22,5.2765e-17,1.4068e-11,3.7507e-06,1,1
758,5.172e-16,1.3789e-10,3.6764e-05,0.99996,3.7506e-06,1.4067e-11,5.2763e-17,1.979e-22,7.4227e-28,2.7841e-33,1.0442e-38,1
759,1.4067e-11,3.7504e-06,0.99991,8.8055e-05,3.3027e-10,1.2388e-15,4.6462e-21,1.7427e-26,6.5364e-32,2.4516e-37,9.1953e-43,1
760,0.054702,0.94529,3.5456e-06,1.3298e-11,4.9879e-17,1.8708e-22,7.017e-28,2.6319e-33,9.8715e-39,3.7025e-44,1.3887e-49,1
761,0.25576,0.74424,2.7915e-06,1.047e-11,3.927e-17,1.4729e-22,5.5245e-28,2.0721e-33,7.7719e-39,2.915e-44,1.0934e-49,1
762,5.1606e-12,1.3759e-06,0.36683,0.63316,2.3748e-06,8.9074e-12,3.3409e-17,1.2531e-22,4.7e-28,1.7628e-33,6.612e-39,0
763,2.3695e-06,0.63175,0.36825,1.3812e-06,5.1805e-12,1.9431e-17,7.2879e-23,2.7335e-28,1.0253e-33,3.8455e-39,1.4423e-44,0
764,1.5972e-09,0.00042585,0.99957,3.7491e-06,1.4062e-11,5.2743e-17,1.9782e-22,7.4199e-28,2.783e-33,1.0438e-38,3.9151e-44,1
765,5.4636e-22,1.4567e-16,3.8837e-11,1.0354e-05,0.99999,3.7507e-06,1.4068e-11,5.2765e-17,1.9791e-22,7.4229e-28,2.7841e-33,1
766,3.749e-06,0.99954,0.00045171,1.6942e-09,6.3546e-15,2.3834e-20,8.9397e-26,3.353e-31,1.2576e-36,4.7171e-42,1.7692e-47,1
767,7.0678e-28,1.8844e-22,5.024e-17,1.3395e-11,3.5712e-06,0.95214,0.047852,1.7948e-07,6.7319e-13,2.5249e-18,9.4704e-24,1
768,3.9168e-44,1.0443e-38,2.7842e-33,7.423e-28,1.9791e-22,5.2765e-17,1.4068e-11,3.7507e-06,0.99999,5.4571e-06,2.0468e-11,1
769,4.1395e-21,1.1036e-15,2.9425e-10,7.8451e-05,0.99992,3.7504e-06,1.4067e-11,5.2761e-17,1.9789e-22,7.4224e-28,2.784e-33,1
770,0.0010294,0.99897,3.7469e-06,1.4053e-11,5.2711e-17,1.977e-22,7.4154e-28,2.7813e-33,1.0432e-38,3.9128e-44,1.4676e-49,1
771,1,3.7507e-06,1.4068e-11,5.2765e-17,1.9791e-22,7.423e-28,2.7842e-33,1.0443e-38,3.9168e-44,1.4691e-49,5.5101e-55,1
772,1,3.7507e-06,1.4068e-11,5.2765e-17,1.9791e-22,7.423e-28,2.7842e-33,1.0443e-38,3.9168e-44,1.4691e-49,5.5101e-55,1
773,5.5101e-55,1.4691e-49,3.9168e-44,1.0443e-38,2.7842e-33,7.423e-28,1.9791e-22,5.2765e-17,1.4068e-11,3.7507e-06,1,1
774,7.4228e-28,1.979e-22,5.2764e-17,1.4068e-11,3.7506e-06,0.99997,3.0501e-05,1.144e-10,4.291e-16,1.6094e-21,6.0365e-27,1
775,1.4061e-11,3.7488e-06,0.99948,0.00051879,1.9458e-09,7.2983e-15,2.7374e-20,1.0267e-25,3.851e-31,1.4444e-36,5.4176e-42,1
776,1.8728e-45,4.9931e-40,1.3312e-34,3.5493e-29,9.4628e-24,2.5229e-18,6.7265e-13,1.7934e-07,0.047814,0.95218,3.5714e-06,1
777,3.7245e-06,0.99301,0.0069909,2.6221e-08,9.8349e-14,3.6888e-19,1.3836e-24,5.1894e-30,1.9464e-35,7.3005e-41,2.7382e-46,1
778,1,3.7507e-06,1.4068e-11,5.2765e-17,1.9791e-22,7.423e-28,2.7842e-33,1.0443e-38,3.9168e-44,1.4691e-49,5.5101e-55,1
779,6.7102e-41,1.789e-35,4.7698e-30,1.2717e-24,3.3906e-19,9.0397e-14,2.4101e-08,0.0064257,0.99357,3.7266e-06,1.3978e-11,1
780,7.4226e-28,1.979e-22,5.2762e-17,1.4067e-11,3.7505e-06,0.99994,5.3736e-05,2.0155e-10,7.5596e-16,2.8354e-21,1.0635e-26,1
781,4.0288e-05,0.99996,3.7506e-06,1.4067e-11,5.2763e-17,1.979e-22,7.4227e-28,2.7841e-33,1.0442e-38,3.9166e-44,1.469e-49,1
782,1.0649e-10,2.8392e-05,0.99997,3.7506e-06,1.4068e-11,5.2764e-17,1.979e-22,7.4228e-28,2.7841e-33,1.0442e-38,3.9167e-44,1
783,1.9705e-28,5.2537e-23,1.4007e-17,3.7345e-12,9.9566e-07,0.26546,0.73454,2.7551e-06,1.0333e-11,3.8758e-17,1.4537e-22,1
784,5.5101e-55,1.4691e-49,3.9168e-44,1.0443e-38,2.7842e-33,7.423e-28,1.9791e-22,5.2765e-17,1.4068e-11,3.7507e-06,1,1
785,1,3.7507e-06,1.4068e-11,5.2765e-17,1.9791e-22,7.423e-28,2.7842e-33,1.0443e-38,3.9168e-44,1.4691e-49,5.5101e-55,1
786,1,3.7507e-06,1.4068e-11,5.2765e-17,1.9791e-22,7.423e-28,2.7842e-33,1.0443e-38,3.9168e-44,1.4691e-49,5.5101e-55,1
787,1,3.7507e-06,1.4068e-11,5.2765e-17,1.9791e-22,7.423e-28,2.7842e-33,1.0443e-38,3.9168e-44,1.4691e-49,5.5101e-55,1
788,1,3.7507e-06,1.4068e-11,5.2765e-17,1.9791e-22,7.423e-28,2.7842e-33,1.0443e-38,3.9168e-44,1.4691e-49,5.5101e-55,1
789,1.1783e-11,3.1415e-06,0.83758,0.16242,6.0918e-07,2.2849e-12,8.57e-18,3.2144e-23,1.2056e-28,4.522e-34,1.6961e-39,1
790,0.99998,1.9167e-05,7.1892e-11,2.6965e-16,1.0114e-21,3.7934e-27,1.4228e-32,5.3365e-38,2.0016e-43,7.5075e-49,2.8158e-54,1
791,5.5101e-55,1.4691e-49,3.9168e-44,1.0443e-38,2.7842e-33,7.423e-28,1.9791e-22,5.2765e-17,1.4068e-11,3.7507e-06,1,1
792,1,3.7507e-06,1.4068e-11,5.2765e-17,1.9791e-22,7.423e-28,2.7842e-33,1.0443e-38,3.9168e-44,1.4691e-49,5.5101e-55,1
793,1.3627e-11,3.6331e-06,0.96863,0.031364,1.1764e-07,4.4123e-13,1.6549e-18,6.2072e-24,2.3281e-29,8.7322e-35,3.2752e-40,1
794,1.4067e-11,3.7505e-06,0.99994,5.2808e-05,1.9807e-10,7.4291e-16,2.7864e-21,1.0451e-26,3.92e-32,1.4703e-37,5.5146e-43,1
795,6.0607e-37,1.6159e-31,4.3081e-26,1.1486e-20,3.0624e-15,8.1647e-10,0.00021768,0.99978,3.7499e-06,1.4065e-11,5.2754e-17,1
796,9.169e-43,2.4446e-37,6.5176e-32,1.7377e-26,4.633e-21,1.2352e-15,3.2933e-10,8.7803e-05,0.99991,3.7504e-06,1.4067e-11,1
797,2.3513e-21,6.2688e-16,1.6713e-10,4.456e-05,0.99995,3.7506e-06,1.4067e-11,5.2763e-17,1.979e-22,7.4227e-28,2.7841e-33,1
798,1.9847e-09,0.00052914,0.99947,3.7487e-06,1.4061e-11,5.2737e-17,1.978e-22,7.4191e-28,2.7827e-33,1.0437e-38,3.9147e-44,1
799,1.0172e-27,2.7119e-22,7.2304e-17,1.9277e-11,5.1396e-06,0.99999,3.7507e-06,1.4068e-11,5.2765e-17,1.9791e-22,7.423e-28,1
800,1.0321e-38,2.7516e-33,7.3362e-28,1.9559e-22,5.2148e-17,1.3903e-11,3.7068e-06,0.9883,0.0117,4.3882e-08,1.6459e-13,1
